maybe, definitely_not, false_positive
102 , 17349 , 84
86 , 18539 , 67
219 , 15971 , 166
606 , 18159 , 601
1075 , 17690 , 1070
4003 , 13646 , 3973
64 , 16987 , 48
251 , 18165 , 209
187 , 18243 , 175
128 , 18327 , 120
108 , 16136 , 92
629 , 17917 , 620
384 , 15867 , 332
6212 , 12157 , 6197
264 , 16297 , 212
764 , 15130 , 696
167 , 17867 , 119
187 , 17809 , 94
269 , 15645 , 125
669 , 18407 , 144
428 , 17510 , 376
111 , 18628 , 109
1092 , 15792 , 945
216 , 17916 , 199
245 , 17527 , 203
153 , 18029 , 56
169 , 17624 , 158
97 , 17484 , 72
3859 , 14377 , 3845
876 , 16723 , 792
71 , 18449 , 65
156 , 18072 , 144
89 , 18431 , 83
1202 , 17082 , 1191
440 , 17961 , 361
91 , 17694 , 82
4917 , 12446 , 4899
313 , 17472 , 304
199 , 17164 , 189
215 , 18438 , 207
117 , 17270 , 97
5351 , 11978 , 5329
2531 , 15361 , 2521
635 , 16763 , 606
258 , 15031 , 206
7156 , 11315 , 7150
152 , 18396 , 148
232 , 16026 , 164
380 , 16966 , 259
135 , 17665 , 117
507 , 16183 , 401
484 , 17720 , 417
397 , 17535 , 381
1096 , 16785 , 1075
104 , 17963 , 91
3800 , 14006 , 3771
208 , 18235 , 201
702 , 18665 , 268
237 , 16351 , 148
685 , 18831 , 150
756 , 17959 , 754
58 , 18497 , 50
218 , 18583 , 214
919 , 17582 , 909
373 , 17498 , 363
715 , 17902 , 713
86 , 18380 , 75
132 , 18321 , 128
80 , 17231 , 68
925 , 20396 , 258
1036 , 17082 , 847
96 , 18596 , 94
74 , 18618 , 72
709 , 16660 , 645
2992 , 14786 , 2847
250 , 18285 , 244
120 , 18624 , 118
71 , 18353 , 63
119 , 18244 , 110
74 , 18511 , 64
155 , 18451 , 149
417 , 18252 , 413
72 , 18497 , 68
174 , 18495 , 170
2854 , 15338 , 2848
230 , 18418 , 225
64 , 18441 , 51
140 , 18488 , 136
73 , 17516 , 65
121 , 18558 , 117
177 , 18332 , 170
97 , 18432 , 89
139 , 18363 , 126
74 , 18531 , 67
180 , 18394 , 172
4651 , 13787 , 4635
94 , 17691 , 76
197 , 18094 , 184
185 , 18332 , 173
109 , 18365 , 97
4717 , 13523 , 4693
180 , 18300 , 147
951 , 17535 , 937
208 , 17444 , 169
1877 , 16554 , 1843
911 , 17241 , 896
102 , 18509 , 94
84 , 18302 , 72
94 , 18047 , 70
359 , 17643 , 331
104 , 18066 , 62
194 , 17825 , 163
1102 , 17244 , 1081
4734 , 13972 , 4732
119 , 18587 , 117
472 , 18234 , 470
1703 , 16937 , 1697
95 , 18065 , 92
540 , 17620 , 537
3728 , 14432 , 3726
2692 , 15468 , 2690
233 , 17883 , 221
771 , 17389 , 769
106 , 18054 , 104
161 , 17999 , 159
62 , 18098 , 60
100 , 18060 , 98
422 , 17738 , 420
158 , 18002 , 156
164 , 17996 , 162
770 , 17390 , 768
267 , 17893 , 265
81 , 18079 , 79
1838 , 16293 , 1833
75 , 18085 , 73
150 , 18010 , 148
211 , 17949 , 209
386 , 17774 , 384
1481 , 16679 , 1479
582 , 17578 , 580
231 , 17929 , 229
83 , 18077 , 81
325 , 17806 , 320
100 , 17965 , 61
107 , 17948 , 93
150 , 17639 , 124
496 , 17812 , 419
4060 , 13672 , 4040
135 , 17827 , 105
278 , 16277 , 193
97 , 18600 , 95
205 , 18469 , 203
183 , 17773 , 104
280 , 18394 , 278
88 , 18541 , 84
205 , 18338 , 200
281 , 18097 , 267
385 , 16601 , 159
279 , 17931 , 217
108 , 18601 , 105
432 , 18172 , 427
721 , 18038 , 717
75 , 18682 , 72
171 , 18554 , 166
124 , 18528 , 119
461 , 18296 , 458
4713 , 14046 , 4711
130 , 18626 , 123
80 , 18679 , 79
317 , 18114 , 312
81 , 18518 , 76
110 , 18394 , 102
257 , 18473 , 251
116 , 18641 , 113
208 , 18549 , 204
1798 , 16969 , 1796
61 , 18591 , 56
172 , 18595 , 170
189 , 18387 , 183
153 , 18574 , 150
75 , 18645 , 58
121 , 18644 , 112
794 , 17937 , 783
269 , 18495 , 267
111 , 18711 , 102
71 , 18693 , 69
98 , 18632 , 94
594 , 18107 , 592
111 , 18617 , 107
80 , 18538 , 67
5768 , 13046 , 5763
105 , 18654 , 104
117 , 18631 , 109
95 , 18256 , 86
94 , 18588 , 89
329 , 18373 , 326
97 , 18602 , 91
107 , 18519 , 93
165 , 18482 , 150
47 , 18714 , 45
117 , 18644 , 115
94 , 18668 , 92
162 , 18479 , 155
155 , 18569 , 147
1116 , 17618 , 1110
100 , 18711 , 94
314 , 18324 , 304
4114 , 14578 , 4088
106 , 18462 , 78
356 , 18325 , 345
124 , 18579 , 117
66 , 18673 , 64
145 , 18594 , 143
64 , 18637 , 55
1705 , 16979 , 1693
183 , 18427 , 169
64 , 18582 , 56
107 , 18652 , 106
145 , 18563 , 139
395 , 18289 , 374
513 , 18024 , 481
114 , 18406 , 89
572 , 18020 , 554
127 , 18211 , 105
125 , 18249 , 103
60 , 18699 , 59
188 , 18121 , 163
228 , 18605 , 218
66 , 18597 , 55
4731 , 14028 , 4729
333 , 18165 , 319
10540 , 8219 , 10539
130 , 18425 , 113
65 , 18600 , 56
114 , 18518 , 98
257 , 17845 , 218
87 , 18374 , 62
4090 , 14514 , 4070
288 , 18592 , 235
197 , 18498 , 189
459 , 18122 , 441
209 , 18552 , 172
1516 , 17041 , 1441
83 , 17681 , 69
153 , 17639 , 139
196 , 17344 , 156
103 , 18620 , 99
265 , 18086 , 261
150 , 18407 , 145
452 , 17602 , 242
199 , 18085 , 195
155 , 18129 , 152
89 , 18346 , 85
282 , 18173 , 280
237 , 17971 , 229
61 , 18496 , 58
1239 , 16583 , 1230
136 , 18309 , 126
3061 , 15149 , 3041
63 , 18554 , 59
66 , 18551 , 62
594 , 18045 , 592
181 , 18026 , 166
154 , 18220 , 150
4141 , 13129 , 4115
895 , 16270 , 873
122 , 18384 , 108
76 , 18442 , 72
2583 , 15935 , 2580
208 , 17977 , 187
431 , 17885 , 427
654 , 17255 , 639
385 , 17402 , 369
222 , 17837 , 104
498 , 16255 , 392
4210 , 14052 , 4208
182 , 18106 , 157
837 , 16794 , 783
1068 , 17608 , 1066
92 , 18606 , 90
106 , 18171 , 92
94 , 18289 , 87
176 , 16303 , 93
376 , 17752 , 361
148 , 18442 , 140
404 , 17622 , 366
106 , 18387 , 98
57 , 18522 , 47
235 , 18036 , 219
214 , 18204 , 203
221 , 18060 , 196
261 , 17931 , 241
267 , 17138 , 151
106 , 18515 , 99
400 , 18235 , 396
81 , 18629 , 79
169 , 18528 , 167
1069 , 16878 , 1045
2482 , 16214 , 2480
119 , 18147 , 108
64 , 18490 , 62
51 , 18531 , 49
917 , 17779 , 915
378 , 18113 , 374
1824 , 16773 , 1820
144 , 18206 , 136
94 , 18625 , 91
67 , 18287 , 65
2375 , 16277 , 2372
425 , 17388 , 392
132 , 17126 , 80
170 , 18455 , 166
1671 , 15952 , 1624
263 , 18460 , 261
168 , 16791 , 48
130 , 18373 , 120
123 , 17539 , 87
195 , 17639 , 166
130 , 18426 , 128
108 , 18211 , 104
1182 , 17034 , 1164
707 , 18005 , 704
282 , 18261 , 276
65 , 18583 , 60
210 , 18463 , 208
65 , 18480 , 61
252 , 18442 , 250
98 , 18661 , 97
255 , 18465 , 253
175 , 18584 , 174
74 , 18685 , 73
105 , 18541 , 103
1104 , 17028 , 1101
99 , 18459 , 97
287 , 16360 , 269
86 , 16309 , 61
160 , 16811 , 120
83 , 18637 , 81
164 , 18524 , 158
83 , 18522 , 75
387 , 17353 , 358
383 , 17904 , 379
82 , 18069 , 61
175 , 17499 , 133
346 , 16931 , 227
176 , 17953 , 154
77 , 18183 , 50
90 , 18273 , 84
233 , 17753 , 197
440 , 16894 , 258
41 , 18394 , 31
281 , 17114 , 207
164 , 17268 , 73
1026 , 17612 , 1024
473 , 17905 , 465
329 , 18201 , 323
198 , 18266 , 187
172 , 18483 , 166
5158 , 13390 , 5149
105 , 18338 , 92
739 , 18097 , 736
108 , 18285 , 95
173 , 18324 , 117
296 , 18123 , 294
208 , 18013 , 195
139 , 18027 , 103
74 , 18274 , 72
230 , 17103 , 211
215 , 17560 , 181
1689 , 16133 , 1671
63 , 17808 , 49
4822 , 12694 , 4811
4443 , 14099 , 4432
1801 , 16717 , 1799
65 , 17418 , 54
302 , 17157 , 217
263 , 17843 , 234
459 , 16601 , 285
476 , 16048 , 389
161 , 18423 , 72
99 , 18407 , 82
557 , 16975 , 541
3808 , 12874 , 3772
99 , 17725 , 74
597 , 17831 , 589
933 , 15975 , 818
201 , 17535 , 153
326 , 18288 , 324
371 , 17477 , 364
206 , 18456 , 200
839 , 17303 , 836
135 , 17830 , 123
223 , 18202 , 217
129 , 17371 , 105
248 , 16025 , 164
319 , 18331 , 313
4976 , 13289 , 4951
443 , 18184 , 429
580 , 18510 , 578
181 , 18407 , 173
106 , 18249 , 73
1082 , 17502 , 1080
202 , 17493 , 197
339 , 16358 , 277
205 , 18351 , 199
99 , 18284 , 87
108 , 18489 , 106
638 , 17651 , 622
2650 , 15441 , 2593
561 , 17341 , 516
1805 , 16169 , 1801
120 , 17396 , 74
140 , 18409 , 135
393 , 17676 , 378
1622 , 15798 , 1612
153 , 17031 , 87
73 , 18269 , 50
105 , 18521 , 100
123 , 18455 , 119
1338 , 17255 , 1326
111 , 17879 , 106
150 , 17551 , 44
1611 , 16498 , 1594
212 , 18299 , 204
2011 , 16626 , 2002
1120 , 17139 , 1091
168 , 18427 , 152
266 , 17069 , 234
821 , 17614 , 769
239 , 18339 , 176
106 , 18095 , 89
152 , 17954 , 131
3791 , 13488 , 3775
226 , 17900 , 198
361 , 16921 , 355
613 , 17973 , 606
124 , 18241 , 120
127 , 18323 , 117
123 , 17327 , 98
310 , 18273 , 300
218 , 18106 , 180
53 , 17901 , 37
448 , 18278 , 445
378 , 17716 , 359
223 , 16848 , 136
76 , 18637 , 73
183 , 18477 , 175
85 , 18535 , 65
178 , 17999 , 153
154 , 18457 , 145
84 , 17090 , 58
134 , 18479 , 130
187 , 18136 , 181
101 , 18222 , 95
109 , 16779 , 90
237 , 17600 , 222
163 , 18160 , 157
483 , 16437 , 467
4805 , 13541 , 4799
228 , 17963 , 166
162 , 18456 , 159
98 , 18624 , 96
225 , 18089 , 194
130 , 17955 , 64
126 , 18130 , 108
105 , 18280 , 93
1512 , 17139 , 1510
128 , 18434 , 124
3848 , 14439 , 3791
91 , 18476 , 79
92 , 18585 , 88
84 , 18736 , 72
183 , 18276 , 171
94 , 17980 , 84
217 , 18412 , 215
241 , 18388 , 239
791 , 17544 , 781
942 , 17103 , 930
85 , 18544 , 83
112 , 18485 , 108
115 , 18473 , 105
887 , 17493 , 880
1087 , 17484 , 1077
302 , 16801 , 165
104 , 16627 , 89
917 , 17640 , 911
80 , 18683 , 78
949 , 17375 , 940
154 , 18276 , 146
180 , 18450 , 173
160 , 17421 , 125
68 , 17502 , 59
2422 , 15799 , 2419
93 , 17991 , 76
245 , 17566 , 227
2004 , 16057 , 1985
2435 , 16302 , 2433
305 , 17951 , 290
351 , 18337 , 287
177 , 18604 , 117
189 , 18490 , 185
77 , 18550 , 69
701 , 18044 , 697
541 , 17676 , 521
95 , 18593 , 93
106 , 18428 , 99
98 , 17600 , 92
132 , 18354 , 84
101 , 18472 , 93
125 , 17890 , 109
97 , 18369 , 86
111 , 18190 , 77
91 , 18398 , 84
100 , 18484 , 96
57 , 18287 , 42
1610 , 16261 , 1595
173 , 16072 , 154
1728 , 15062 , 1690
589 , 17449 , 563
291 , 18398 , 289
280 , 17053 , 263
3264 , 15357 , 3258
144 , 17601 , 97
1233 , 17367 , 1229
147 , 18449 , 144
1309 , 17118 , 1294
96 , 18198 , 84
465 , 16962 , 443
340 , 16703 , 238
181 , 18031 , 174
815 , 17861 , 812
134 , 17012 , 119
352 , 18037 , 190
150 , 18456 , 148
138 , 18468 , 136
111 , 18495 , 109
60 , 18546 , 58
4212 , 14394 , 4210
181 , 18425 , 179
304 , 18302 , 302
157 , 18449 , 155
257 , 18349 , 255
1009 , 17597 , 1007
4095 , 14511 , 4093
62 , 18544 , 60
282 , 18324 , 280
98 , 18508 , 96
155 , 18451 , 153
1014 , 17592 , 1012
464 , 18142 , 462
3857 , 14749 , 3855
120 , 18486 , 118
164 , 18442 , 162
153 , 18453 , 151
5385 , 13221 , 5383
116 , 18490 , 114
5342 , 13264 , 5340
2666 , 15940 , 2664
2119 , 16487 , 2117
95 , 18511 , 93
397 , 18209 , 395
41 , 18565 , 39
891 , 17715 , 889
104 , 18502 , 102
116 , 18490 , 114
67 , 18539 , 65
119 , 18487 , 117
164 , 18442 , 162
5147 , 13459 , 5145
1050 , 17556 , 1048
94 , 18512 , 92
2307 , 16299 , 2305
81 , 18525 , 79
146 , 18460 , 144
247 , 18359 , 245
183 , 18423 , 181
136 , 18470 , 134
799 , 17807 , 797
281 , 18325 , 279
356 , 18250 , 354
3311 , 15295 , 3309
653 , 17953 , 651
2270 , 16336 , 2268
2419 , 16187 , 2417
149 , 18457 , 147
101 , 18505 , 99
578 , 18028 , 576
94 , 18512 , 92
140 , 18466 , 138
204 , 18402 , 202
970 , 17636 , 968
79 , 18527 , 77
142 , 18464 , 140
1067 , 17539 , 1065
109 , 18497 , 107
455 , 18151 , 453
138 , 18468 , 136
240 , 18049 , 215
103 , 18500 , 98
511 , 18160 , 508
103 , 18568 , 100
107 , 18564 , 104
179 , 18492 , 176
85 , 18674 , 84
81 , 18590 , 78
102 , 18657 , 101
1269 , 17490 , 1268
339 , 18332 , 336
181 , 18490 , 178
120 , 18551 , 117
84 , 18587 , 81
80 , 18591 , 77
442 , 18161 , 437
288 , 18383 , 285
151 , 18520 , 148
103 , 18568 , 100
614 , 18057 , 611
2998 , 15761 , 2997
94 , 18577 , 91
127 , 18632 , 126
132 , 18627 , 131
141 , 18530 , 138
116 , 18555 , 113
513 , 18158 , 510
63 , 18608 , 60
480 , 18191 , 477
100 , 18571 , 97
179 , 18448 , 172
1752 , 16875 , 1745
89 , 18576 , 84
100 , 18565 , 95
3771 , 14900 , 3768
134 , 18537 , 131
125 , 18540 , 120
428 , 18237 , 423
282 , 18383 , 277
53 , 18612 , 48
135 , 18536 , 132
490 , 18137 , 483
394 , 18233 , 387
899 , 17766 , 894
642 , 18023 , 637
637 , 18034 , 634
211 , 18460 , 208
77 , 18588 , 72
139 , 18526 , 134
678 , 17987 , 673
119 , 18546 , 114
98 , 18573 , 95
230 , 18441 , 227
119 , 18514 , 114
236 , 18397 , 231
124 , 18503 , 116
111 , 18516 , 103
139 , 18532 , 136
50 , 18621 , 47
399 , 18228 , 391
151 , 18476 , 143
80 , 18547 , 72
133 , 18494 , 125
112 , 18559 , 109
279 , 18392 , 276
92 , 17807 , 76
121 , 18611 , 118
190 , 17509 , 128
101 , 18284 , 92
714 , 17107 , 550
165 , 17586 , 152
156 , 18452 , 154
5155 , 13500 , 5147
228 , 17120 , 87
166 , 16881 , 123
220 , 18261 , 196
130 , 18525 , 123
96 , 18596 , 92
279 , 18357 , 141
47 , 18588 , 43
234 , 17971 , 228
200 , 18501 , 198
966 , 16473 , 944
78 , 18546 , 72
104 , 17897 , 94
386 , 16200 , 373
176 , 18588 , 157
273 , 18457 , 267
3782 , 14599 , 3754
271 , 16587 , 198
265 , 18115 , 231
105 , 18485 , 101
74 , 18548 , 66
172 , 18433 , 167
290 , 18338 , 288
915 , 17808 , 913
327 , 17873 , 274
387 , 17932 , 295
601 , 17809 , 582
2131 , 16445 , 2125
2959 , 15670 , 2955
864 , 17550 , 857
129 , 16742 , 118
168 , 18371 , 161
119 , 18362 , 117
161 , 16737 , 110
586 , 17835 , 577
52 , 17943 , 45
164 , 16922 , 155
93 , 18574 , 90
303 , 18166 , 286
190 , 16852 , 142
96 , 18481 , 68
822 , 17131 , 767
116 , 18549 , 101
285 , 18329 , 189
123 , 18574 , 121
100 , 16229 , 62
138 , 18568 , 136
129 , 18078 , 94
64 , 18329 , 59
180 , 18254 , 178
262 , 18172 , 260
145 , 18289 , 143
391 , 18043 , 389
3329 , 15105 , 3327
126 , 18308 , 124
193 , 18241 , 191
270 , 18164 , 267
684 , 17750 , 682
1712 , 16722 , 1710
88 , 18346 , 86
207 , 18371 , 205
108 , 18470 , 106
1484 , 17168 , 1482
806 , 17846 , 804
1759 , 16966 , 1757
174 , 18551 , 172
577 , 17774 , 575
180 , 18454 , 178
735 , 17899 , 733
98 , 18536 , 96
554 , 18080 , 552
121 , 18583 , 117
138 , 18566 , 134
796 , 17638 , 794
200 , 18524 , 198
1643 , 16791 , 1641
231 , 18515 , 228
144 , 18467 , 140
1670 , 17105 , 1668
260 , 18493 , 258
370 , 18383 , 368
807 , 17813 , 803
327 , 18533 , 320
79 , 18800 , 77
196 , 18670 , 192
229 , 18637 , 225
141 , 18725 , 137
92 , 18667 , 91
258 , 18486 , 256
168 , 18576 , 166
111 , 18614 , 109
68 , 18657 , 66
1133 , 17218 , 1131
892 , 17742 , 890
88 , 18546 , 86
60 , 18574 , 58
101 , 18446 , 95
196 , 18521 , 194
313 , 18404 , 310
837 , 17597 , 835
185 , 18539 , 183
315 , 18119 , 313
2362 , 16397 , 2361
983 , 17641 , 981
74 , 18701 , 72
3600 , 15153 , 3598
428 , 18325 , 426
101 , 18532 , 99
206 , 18673 , 204
108 , 18771 , 106
96 , 18783 , 94
394 , 18485 , 392
365 , 18514 , 363
123 , 17953 , 66
106 , 18655 , 104
472 , 18289 , 470
272 , 18453 , 270
173 , 18552 , 171
158 , 18193 , 156
163 , 18471 , 161
96 , 18538 , 94
194 , 18440 , 192
115 , 18519 , 113
355 , 18362 , 353
63 , 18654 , 60
86 , 18348 , 84
1216 , 17508 , 1214
57 , 18278 , 52
139 , 18620 , 138
405 , 18219 , 403
102 , 18673 , 100
346 , 18407 , 344
194 , 18559 , 192
251 , 18382 , 249
2571 , 16308 , 2569
54 , 18825 , 52
464 , 18415 , 462
267 , 18612 , 265
65 , 18814 , 62
77 , 18670 , 75
76 , 18358 , 74
245 , 18407 , 243
193 , 18459 , 191
4084 , 14494 , 4082
167 , 18411 , 165
98 , 18608 , 96
150 , 18556 , 148
2388 , 16200 , 2386
421 , 18176 , 419
371 , 18220 , 369
3608 , 13563 , 3576
120 , 18483 , 118
173 , 17749 , 149
98 , 18152 , 93
101 , 18269 , 87
968 , 16994 , 840
152 , 18578 , 150
95 , 18573 , 93
137 , 18543 , 135
172 , 17818 , 158
214 , 18295 , 212
59 , 18331 , 55
596 , 17913 , 594
73 , 18436 , 71
108 , 18401 , 106
479 , 18096 , 474
972 , 16674 , 958
5688 , 12812 , 5682
178 , 18582 , 176
4568 , 14192 , 4566
804 , 17955 , 803
1044 , 17655 , 1042
95 , 18604 , 93
357 , 18403 , 355
339 , 18421 , 337
3800 , 14960 , 3798
85 , 18675 , 83
224 , 18536 , 222
180 , 18580 , 178
727 , 18033 , 725
151 , 18609 , 149
251 , 18403 , 242
121 , 18545 , 115
293 , 18395 , 277
313 , 17152 , 299
116 , 18438 , 110
127 , 17799 , 110
403 , 18335 , 401
373 , 18365 , 371
286 , 18452 , 284
448 , 18290 , 446
182 , 18556 , 180
161 , 18577 , 159
2882 , 15856 , 2880
951 , 17787 , 949
58 , 18680 , 56
639 , 18099 , 637
124 , 18614 , 122
254 , 18484 , 252
124 , 18614 , 122
179 , 18559 , 177
68 , 18670 , 66
86 , 18652 , 84
407 , 18331 , 405
253 , 18485 , 251
863 , 17875 , 861
152 , 18586 , 150
45 , 18693 , 43
183 , 18555 , 181
3628 , 15110 , 3626
256 , 18482 , 254
181 , 18557 , 179
113 , 18625 , 111
180 , 16970 , 133
4167 , 14280 , 4164
131 , 17878 , 116
234 , 17480 , 221
197 , 16600 , 177
90 , 16765 , 78
153 , 18549 , 151
192 , 16366 , 118
196 , 18411 , 180
430 , 18062 , 396
760 , 17145 , 619
2767 , 13936 , 2716
230 , 17132 , 152
657 , 18042 , 652
151 , 18260 , 147
462 , 17904 , 426
305 , 16419 , 198
133 , 17675 , 130
62 , 18060 , 56
61 , 18637 , 59
120 , 17264 , 112
390 , 18262 , 388
113 , 18646 , 113
145 , 18614 , 145
113 , 18646 , 113
107 , 18652 , 107
113 , 18646 , 113
1687 , 17072 , 1687
113 , 18646 , 113
60 , 18699 , 60
3530 , 15122 , 3528
248 , 18404 , 246
244 , 18400 , 242
191 , 18568 , 191
145 , 18614 , 145
191 , 18568 , 191
107 , 18652 , 107
191 , 18568 , 191
1687 , 17072 , 1687
191 , 18568 , 191
60 , 18699 , 60
5126 , 13526 , 5124
75 , 18569 , 73
187 , 18465 , 185
145 , 17709 , 133
168 , 18591 , 168
145 , 18614 , 145
168 , 18591 , 168
107 , 18652 , 107
168 , 18591 , 168
1687 , 17072 , 1687
168 , 18591 , 168
60 , 18699 , 60
112 , 18540 , 110
53 , 18477 , 47
757 , 17315 , 749
149 , 18298 , 143
144 , 18131 , 140
150 , 17776 , 142
463 , 16905 , 453
434 , 18111 , 425
169 , 18382 , 159
118 , 18606 , 115
530 , 18143 , 525
1026 , 16357 , 978
116 , 18645 , 114
90 , 18248 , 73
506 , 18225 , 500
3940 , 14471 , 3926
86 , 18544 , 68
83 , 18604 , 72
107 , 18259 , 90
851 , 17571 , 825
6546 , 12014 , 6531
78 , 18219 , 63
86 , 18652 , 79
135 , 18624 , 129
673 , 16804 , 665
129 , 18630 , 128
76 , 18683 , 75
156 , 18603 , 155
216 , 18543 , 215
116 , 18643 , 115
4079 , 14680 , 4078
57 , 19333 , 51
87 , 18631 , 85
98 , 18620 , 96
231 , 18487 , 229
188 , 18530 , 186
90 , 18669 , 89
564 , 18195 , 563
418 , 18341 , 417
50 , 19299 , 43
3009 , 15394 , 2999
470 , 17173 , 463
139 , 18554 , 137
170 , 18503 , 166
373 , 18016 , 357
202 , 18984 , 172
4950 , 13989 , 4931
109 , 18770 , 107
142 , 18737 , 140
246 , 18633 , 244
147 , 18732 , 145
139 , 18740 , 137
49 , 18830 , 47
157 , 18722 , 155
156 , 18723 , 154
1031 , 17848 , 1029
303 , 18576 , 301
1446 , 17433 , 1444
3049 , 15830 , 3047
92 , 18780 , 84
412 , 18347 , 411
909 , 17795 , 906
85 , 18674 , 84
4512 , 14192 , 4509
109 , 18610 , 106
131 , 18628 , 130
283 , 18370 , 280
40 , 18719 , 39
2052 , 16561 , 2047
152 , 18607 , 151
199 , 18560 , 198
57 , 18702 , 56
230 , 18489 , 227
222 , 18537 , 221
202 , 18451 , 199
356 , 18403 , 355
101 , 18512 , 96
251 , 18508 , 250
86 , 18530 , 71
5209 , 13172 , 5202
135 , 18438 , 131
3145 , 15574 , 3143
345 , 18241 , 343
143 , 18558 , 138
1664 , 16319 , 1657
1693 , 16652 , 1685
1041 , 17338 , 1026
784 , 17889 , 780
2990 , 15128 , 2986
199 , 18413 , 191
115 , 18440 , 106
224 , 18366 , 217
226 , 17806 , 216
226 , 17073 , 205
2655 , 15701 , 2629
234 , 18311 , 232
236 , 18288 , 232
198 , 18347 , 196
239 , 17914 , 220
72 , 18473 , 70
123 , 18422 , 121
107 , 18560 , 105
171 , 18233 , 155
1012 , 17559 , 1007
804 , 17078 , 785
310 , 17872 , 304
123 , 18278 , 106
83 , 18465 , 77
70 , 18459 , 66
485 , 18138 , 479
169 , 17741 , 130
243 , 18052 , 239
1145 , 16981 , 1137
579 , 17440 , 551
341 , 17528 , 339
130 , 18568 , 127
387 , 17016 , 374
215 , 18512 , 213
811 , 17916 , 809
308 , 18419 , 306
1068 , 17659 , 1066
146 , 18581 , 144
90 , 18637 , 88
2667 , 16060 , 2665
134 , 18593 , 132
68 , 18659 , 66
83 , 18644 , 81
76 , 18651 , 74
227 , 18500 , 225
665 , 18062 , 663
96 , 18631 , 94
454 , 18273 , 452
374 , 18353 , 372
66 , 18661 , 64
1164 , 17563 , 1162
1671 , 17056 , 1669
4598 , 14129 , 4596
209 , 18518 , 207
2059 , 16665 , 2057
83 , 18641 , 81
853 , 17871 , 851
823 , 17904 , 821
82 , 18645 , 80
115 , 18612 , 113
607 , 18120 , 605
94 , 18633 , 92
124 , 18603 , 122
150 , 18577 , 148
123 , 18604 , 121
47 , 18680 , 45
84 , 18650 , 82
121 , 18613 , 119
245 , 18489 , 243
573 , 17121 , 531
225 , 18419 , 223
1805 , 16839 , 1803
126 , 18518 , 124
233 , 18494 , 231
112 , 18615 , 110
128 , 18599 , 126
843 , 17884 , 841
98 , 18629 , 96
102 , 18625 , 100
109 , 18618 , 107
88 , 18639 , 86
5146 , 13581 , 5144
143 , 18486 , 141
124 , 18505 , 122
201 , 18107 , 197
1073 , 16580 , 1066
241 , 18467 , 237
91 , 17596 , 78
446 , 17921 , 412
963 , 17612 , 951
325 , 18321 , 323
209 , 17673 , 173
110 , 16996 , 86
94 , 18596 , 87
214 , 18508 , 206
323 , 17441 , 306
370 , 18029 , 357
505 , 17902 , 493
465 , 18291 , 463
858 , 17417 , 822
128 , 17053 , 104
168 , 18504 , 166
73 , 18599 , 71
80 , 18592 , 78
106 , 18566 , 104
1108 , 17539 , 1106
91 , 18402 , 89
204 , 18289 , 202
99 , 18394 , 97
183 , 18310 , 181
65 , 18428 , 63
65 , 18428 , 63
66 , 18662 , 64
189 , 18539 , 187
105 , 18623 , 103
202 , 18526 , 200
182 , 18546 , 180
109 , 18619 , 107
769 , 17959 , 767
215 , 18432 , 213
845 , 17802 , 843
69 , 18578 , 67
80 , 18567 , 78
115 , 18532 , 113
188 , 18495 , 186
852 , 17831 , 850
167 , 18516 , 165
4020 , 14663 , 4018
58 , 18625 , 56
79 , 18616 , 77
96 , 18599 , 94
3072 , 15575 , 3070
127 , 18602 , 125
84 , 18645 , 82
119 , 18610 , 117
178 , 18551 , 176
640 , 18089 , 638
1361 , 17326 , 1359
399 , 18321 , 397
125 , 18595 , 123
288 , 18432 , 286
268 , 18452 , 266
343 , 18377 , 341
184 , 18536 , 182
142 , 18578 , 140
341 , 18379 , 339
81 , 18639 , 79
149 , 18571 , 147
105 , 18479 , 103
2981 , 15603 , 2978
1198 , 17536 , 1196
69 , 18665 , 67
708 , 17876 , 706
113 , 18621 , 111
335 , 18399 , 333
63 , 18521 , 61
97 , 18637 , 95
80 , 18654 , 78
489 , 17056 , 421
92 , 18555 , 90
79 , 18568 , 77
224 , 18423 , 222
102 , 18542 , 100
650 , 17994 , 648
218 , 18426 , 216
390 , 18254 , 388
233 , 18411 , 231
108 , 18536 , 106
1081 , 17563 , 1079
62 , 18582 , 60
851 , 17796 , 849
142 , 18505 , 139
196 , 18451 , 193
136 , 18511 , 133
53 , 18594 , 51
114 , 18533 , 112
851 , 17796 , 849
121 , 18526 , 119
206 , 18441 , 203
1268 , 17379 , 1265
69 , 18578 , 66
370 , 18277 , 367
543 , 18104 , 541
92 , 18555 , 89
107 , 18540 , 104
71 , 18576 , 68
97 , 18550 , 95
85 , 18562 , 83
507 , 18140 , 504
159 , 18488 , 156
81 , 18566 , 79
129 , 18497 , 114
111 , 18301 , 89
235 , 15966 , 117
773 , 17111 , 573
70 , 18654 , 66
209 , 18515 , 205
157 , 18567 , 153
400 , 18256 , 392
99 , 18557 , 91
202 , 18522 , 198
104 , 18543 , 93
104 , 18543 , 93
146 , 18578 , 142
172 , 18484 , 164
115 , 18541 , 107
2254 , 16402 , 2246
2186 , 16538 , 2182
382 , 16515 , 280
154 , 18502 , 147
155 , 18501 , 148
99 , 18625 , 96
359 , 18365 , 356
87 , 18569 , 80
641 , 18015 , 634
120 , 18604 , 117
2953 , 15683 , 2951
94 , 18623 , 88
425 , 18299 , 422
110 , 18526 , 108
222 , 18414 , 220
531 , 18130 , 529
182 , 18479 , 180
76 , 18578 , 74
141 , 18513 , 139
463 , 18191 , 461
301 , 18353 , 299
175 , 18479 , 173
282 , 18372 , 280
853 , 17801 , 851
163 , 18491 , 161
1470 , 17184 , 1468
474 , 18180 , 472
101 , 18553 , 99
2194 , 16460 , 2192
468 , 18186 , 466
331 , 18323 , 329
1763 , 16961 , 1759
74 , 18619 , 72
141 , 18552 , 139
119 , 18574 , 117
134 , 18592 , 128
5626 , 13066 , 5624
113 , 18604 , 107
145 , 18504 , 135
2773 , 15876 , 2763
698 , 18019 , 692
1022 , 17625 , 1011
93 , 18554 , 82
949 , 17768 , 943
786 , 17850 , 784
105 , 18544 , 95
286 , 18363 , 276
3051 , 15598 , 3041
723 , 17913 , 721
253 , 18383 , 251
225 , 18492 , 219
412 , 18245 , 410
778 , 17879 , 776
144 , 18513 , 142
468 , 17325 , 457
182 , 17630 , 169
104 , 18570 , 98
162 , 18512 , 156
106 , 18546 , 97
85 , 18550 , 73
106 , 18529 , 94
192 , 18300 , 181
386 , 18214 , 376
1235 , 17382 , 1229
106 , 18479 , 96
579 , 18093 , 573
153 , 18415 , 141
149 , 18419 , 137
433 , 18184 , 427
72 , 18474 , 57
968 , 17561 , 950
170 , 18359 , 152
158 , 18281 , 156
197 , 18242 , 195
113 , 18326 , 111
186 , 18174 , 184
87 , 18273 , 85
1268 , 17356 , 1266
139 , 18485 , 137
123 , 18601 , 120
242 , 18482 , 239
124 , 18600 , 121
217 , 18507 , 214
65 , 18591 , 58
1026 , 17698 , 1023
889 , 17835 , 886
89 , 18635 , 86
109 , 18615 , 106
73 , 18651 , 70
324 , 18400 , 321
236 , 18488 , 233
497 , 18227 , 494
3684 , 15040 , 3681
606 , 18118 , 603
126 , 18498 , 124
135 , 18586 , 132
248 , 18416 , 243
3494 , 15162 , 3487
69 , 18587 , 62
335 , 18289 , 333
202 , 18522 , 199
90 , 18566 , 83
836 , 17888 , 833
160 , 18564 , 157
225 , 18499 , 222
1790 , 16934 , 1787
879 , 17777 , 872
287 , 18437 , 284
1123 , 17601 , 1120
67 , 18657 , 64
255 , 18399 , 247
105 , 18619 , 102
959 , 17765 , 956
84 , 18640 , 81
50 , 18674 , 47
229 , 18495 , 226
97 , 18627 , 94
1802 , 16713 , 1800
640 , 17875 , 638
185 , 18539 , 182
126 , 18598 , 122
111 , 18613 , 108
142 , 18582 , 139
80 , 18644 , 77
110 , 18614 , 107
720 , 18004 , 717
95 , 18265 , 93
168 , 18556 , 165
367 , 18148 , 365
475 , 18181 , 468
72 , 18584 , 64
150 , 18506 , 142
87 , 18637 , 83
368 , 18303 , 366
545 , 18111 , 538
630 , 18026 , 622
476 , 18180 , 468
498 , 18173 , 496
77 , 18579 , 70
137 , 18517 , 128
90 , 18563 , 82
79 , 18645 , 75
221 , 18503 , 217
182 , 18467 , 176
279 , 18370 , 273
227 , 18490 , 225
102 , 18626 , 100
2964 , 15764 , 2962
118 , 18610 , 116
191 , 18458 , 185
191 , 18458 , 185
194 , 18523 , 192
108 , 18609 , 106
156 , 18572 , 154
5286 , 13442 , 5284
102 , 18626 , 100
56 , 18676 , 54
124 , 18331 , 122
301 , 18265 , 299
88 , 18484 , 84
605 , 18154 , 604
485 , 18221 , 483
1783 , 16923 , 1781
672 , 18045 , 670
79 , 18582 , 77
2297 , 16369 , 2294
49 , 18622 , 47
277 , 18389 , 275
103 , 18656 , 102
450 , 18309 , 449
67 , 18650 , 65
1702 , 17057 , 1701
1650 , 16783 , 1606
115 , 16689 , 79
350 , 18429 , 316
425 , 18149 , 407
118 , 17307 , 91
153 , 17486 , 136
167 , 18090 , 135
145 , 17694 , 123
198 , 18585 , 179
180 , 17540 , 161
318 , 18108 , 290
84 , 17351 , 43
149 , 18417 , 126
91 , 17634 , 77
136 , 18501 , 134
105 , 18516 , 103
5140 , 13376 , 5138
82 , 18449 , 78
105 , 17341 , 81
253 , 17764 , 231
979 , 14107 , 834
458 , 17905 , 435
3585 , 15140 , 3583
255 , 18261 , 226
147 , 18578 , 145
237 , 16674 , 235
138 , 18580 , 135
72 , 18658 , 70
2604 , 14943 , 2557
575 , 18143 , 572
3920 , 14810 , 3918
150 , 18580 , 148
254 , 18242 , 235
3660 , 14966 , 3654
134 , 18343 , 128
118 , 17665 , 109
176 , 16529 , 65
342 , 16623 , 248
142 , 18495 , 140
2634 , 13822 , 2529
1287 , 17423 , 1285
196 , 17575 , 190
181 , 18494 , 174
221 , 17080 , 207
677 , 17515 , 627
70 , 18112 , 57
223 , 17815 , 197
3019 , 14116 , 2973
111 , 18344 , 99
70 , 17479 , 54
107 , 18254 , 97
905 , 17765 , 899
492 , 17549 , 481
136 , 17891 , 86
78 , 18571 , 67
2350 , 16360 , 2348
73 , 18649 , 69
123 , 18599 , 121
202 , 18520 , 200
219 , 18467 , 216
681 , 17830 , 665
257 , 18101 , 252
220 , 18253 , 172
88 , 18648 , 77
304 , 17931 , 300
380 , 17458 , 363
264 , 18107 , 258
176 , 18246 , 164
222 , 18352 , 215
55 , 18671 , 53
242 , 18172 , 231
455 , 17464 , 426
704 , 14886 , 668
1064 , 16733 , 1046
87 , 18109 , 44
613 , 17942 , 605
2047 , 16662 , 2044
154 , 17357 , 117
123 , 18449 , 118
172 , 18470 , 169
1259 , 17170 , 1240
2797 , 15762 , 2783
368 , 18223 , 361
85 , 18091 , 60
126 , 18293 , 117
109 , 17586 , 88
63 , 16925 , 33
95 , 18313 , 83
439 , 16995 , 137
117 , 17789 , 90
939 , 17036 , 918
269 , 18112 , 260
325 , 18325 , 227
300 , 17085 , 289
3792 , 14614 , 3786
2677 , 14747 , 2650
110 , 18285 , 102
135 , 18167 , 124
188 , 18378 , 182
200 , 18163 , 187
1735 , 16564 , 1724
203 , 18384 , 199
110 , 18129 , 102
90 , 17764 , 72
4911 , 12614 , 4824
467 , 18445 , 426
877 , 17131 , 871
137 , 17727 , 88
795 , 17505 , 750
188 , 18258 , 183
68 , 17916 , 63
115 , 18458 , 110
111 , 16934 , 66
443 , 17893 , 436
459 , 17878 , 440
429 , 17419 , 232
1012 , 17625 , 1007
196 , 18130 , 185
120 , 18279 , 93
129 , 18766 , 102
111 , 16931 , 75
114 , 18367 , 102
794 , 17851 , 785
325 , 18243 , 317
145 , 18294 , 139
145 , 18435 , 139
81 , 18072 , 73
196 , 18448 , 194
63 , 17699 , 57
160 , 16276 , 101
144 , 18538 , 131
272 , 18346 , 267
121 , 18517 , 104
409 , 18205 , 407
267 , 17225 , 257
208 , 18154 , 195
100 , 16499 , 96
127 , 18448 , 117
466 , 17886 , 457
201 , 18007 , 198
67 , 18632 , 61
1547 , 16814 , 1489
185 , 18156 , 163
547 , 18175 , 542
48 , 18537 , 46
4620 , 14148 , 4618
116 , 18329 , 110
3724 , 14861 , 3722
105 , 18304 , 94
224 , 18260 , 213
189 , 18070 , 181
165 , 17188 , 128
390 , 17110 , 380
66 , 18108 , 56
114 , 16452 , 72
427 , 17527 , 406
267 , 18343 , 265
100 , 18640 , 97
187 , 17937 , 179
111 , 18448 , 107
160 , 18569 , 148
274 , 18335 , 255
164 , 18536 , 156
192 , 18434 , 186
284 , 18245 , 282
203 , 18169 , 194
90 , 18221 , 86
57 , 18629 , 51
120 , 18042 , 108
771 , 17966 , 768
111 , 18515 , 105
96 , 18489 , 92
306 , 17090 , 282
219 , 17869 , 214
96 , 17210 , 84
156 , 18329 , 151
590 , 17099 , 563
151 , 17810 , 142
5019 , 12359 , 4987
206 , 17433 , 196
145 , 17973 , 133
104 , 17685 , 99
100 , 18429 , 98
1778 , 16380 , 1761
92 , 18179 , 84
199 , 17779 , 189
175 , 18064 , 167
645 , 18114 , 644
266 , 18446 , 260
113 , 18156 , 99
85 , 18519 , 81
102 , 18586 , 94
874 , 17284 , 859
109 , 16820 , 97
235 , 18524 , 228
377 , 18346 , 375
1690 , 16961 , 1687
1539 , 16796 , 1480
143 , 18408 , 139
1738 , 16624 , 1728
573 , 18054 , 570
3023 , 14930 , 3017
3221 , 15394 , 3219
470 , 17353 , 431
421 , 18224 , 410
4561 , 13178 , 4499
825 , 17528 , 821
564 , 17226 , 558
475 , 18037 , 473
181 , 18234 , 164
114 , 17520 , 76
578 , 16805 , 540
528 , 18097 , 522
109 , 17504 , 99
3035 , 15215 , 3018
828 , 17206 , 791
239 , 17745 , 223
156 , 17412 , 124
378 , 16637 , 228
90 , 18092 , 71
234 , 18525 , 233
291 , 18000 , 286
387 , 18258 , 380
220 , 18551 , 218
937 , 17284 , 931
90 , 17693 , 61
491 , 17037 , 432
1113 , 17256 , 1106
270 , 18289 , 268
262 , 18266 , 251
122 , 18382 , 111
551 , 18080 , 540
472 , 17798 , 451
156 , 17995 , 146
212 , 17237 , 182
108 , 18287 , 83
292 , 17113 , 162
78 , 18256 , 75
71 , 18607 , 69
91 , 18445 , 75
118 , 18051 , 82
1377 , 16163 , 1367
295 , 18096 , 283
252 , 17802 , 224
167 , 17349 , 146
444 , 16023 , 425
623 , 17008 , 602
422 , 17151 , 392
646 , 17792 , 612
366 , 17652 , 352
3142 , 15236 , 3096
1408 , 15986 , 1400
179 , 18266 , 165
388 , 18198 , 386
126 , 17493 , 85
427 , 17470 , 425
112 , 17997 , 70
74 , 18536 , 71
62 , 15761 , 39
88 , 18501 , 80
162 , 18398 , 154
102 , 17325 , 65
977 , 17579 , 967
81 , 18496 , 79
2221 , 15642 , 2215
200 , 17217 , 165
121 , 17939 , 76
85 , 16673 , 71
951 , 17220 , 925
184 , 18514 , 180
79 , 17413 , 45
182 , 17691 , 143
1838 , 16447 , 1802
147 , 18449 , 141
153 , 17870 , 116
72 , 18530 , 67
719 , 15105 , 709
227 , 18390 , 220
164 , 18120 , 109
74 , 18467 , 63
108 , 18647 , 104
398 , 18163 , 389
74 , 18681 , 72
158 , 18503 , 150
1204 , 17551 , 1202
199 , 18248 , 191
122 , 18482 , 118
163 , 18359 , 157
103 , 18347 , 96
95 , 18554 , 91
1183 , 17405 , 1174
990 , 17685 , 988
121 , 18554 , 119
190 , 18485 , 188
235 , 18440 , 233
152 , 18246 , 146
99 , 18326 , 97
90 , 18335 , 88
161 , 18264 , 159
127 , 18298 , 125
235 , 18190 , 233
230 , 18195 , 228
128 , 18297 , 126
3472 , 14953 , 3470
110 , 18315 , 108
46 , 18379 , 44
393 , 18032 , 391
1187 , 17238 , 1185
105 , 18397 , 101
496 , 18027 , 489
373 , 18305 , 364
163 , 18297 , 160
614 , 17576 , 577
183 , 18279 , 170
103 , 17540 , 84
336 , 18410 , 334
454 , 18170 , 449
679 , 18030 , 675
145 , 18008 , 136
2002 , 16522 , 1993
114 , 18447 , 108
3642 , 13665 , 3603
1591 , 14248 , 1500
858 , 17687 , 853
107 , 18548 , 102
260 , 18233 , 257
5216 , 10343 , 5176
176 , 18412 , 174
165 , 15979 , 83
67 , 17404 , 41
78 , 18640 , 76
223 , 17954 , 205
2807 , 14648 , 2770
88 , 18014 , 78
448 , 17902 , 444
2002 , 16374 , 1988
302 , 18444 , 298
114 , 18608 , 107
340 , 17979 , 315
1237 , 15622 , 1153
910 , 15538 , 869
56 , 18540 , 52
190 , 18424 , 188
159 , 18448 , 157
178 , 18508 , 175
437 , 18219 , 432
91 , 18369 , 88
186 , 18285 , 180
188 , 18473 , 186
93 , 18569 , 89
866 , 17436 , 854
1402 , 16998 , 1390
143 , 19186 , 138
376 , 17850 , 370
168 , 17076 , 126
62 , 17834 , 57
112 , 16890 , 70
568 , 17429 , 548
210 , 18193 , 199
219 , 17967 , 149
1334 , 16193 , 1309
320 , 16353 , 220
934 , 17030 , 791
895 , 17708 , 891
669 , 17041 , 590
3013 , 14976 , 2854
605 , 18307 , 559
434 , 15683 , 280
352 , 18770 , 201
367 , 17782 , 156
218 , 17186 , 146
118 , 18086 , 107
348 , 17480 , 50
968 , 15800 , 799
666 , 19297 , 175
1712 , 16559 , 1687
307 , 17464 , 228
855 , 17341 , 828
122 , 17610 , 33
159 , 18487 , 155
192 , 18457 , 186
1191 , 17357 , 1175
156 , 18424 , 143
1023 , 17623 , 1019
3182 , 15398 , 3170
2947 , 15699 , 2942
192 , 18454 , 187
154 , 18391 , 146
56 , 18489 , 48
3785 , 14970 , 3783
74 , 18532 , 66
378 , 18200 , 372
224 , 18370 , 213
55 , 18700 , 53
63 , 18692 , 59
825 , 17893 , 821
74 , 18535 , 68
162 , 18450 , 147
108 , 18590 , 95
181 , 17703 , 150
944 , 17764 , 942
144 , 18564 , 142
129 , 18579 , 127
97 , 18131 , 81
160 , 17413 , 114
471 , 18213 , 469
95 , 18582 , 91
162 , 18515 , 158
460 , 18281 , 458
129 , 18323 , 124
79 , 18529 , 75
879 , 17671 , 875
240 , 18507 , 238
248 , 18392 , 246
138 , 18372 , 136
494 , 17767 , 490
213 , 18375 , 209
116 , 17592 , 96
250 , 18488 , 247
279 , 18401 , 273
96 , 18046 , 88
137 , 18579 , 135
255 , 18461 , 253
1054 , 17058 , 1046
170 , 18491 , 168
498 , 18203 , 496
3206 , 15553 , 3204
705 , 18015 , 703
137 , 18318 , 130
95 , 18613 , 93
91 , 18617 , 89
72 , 18637 , 70
292 , 18384 , 288
61 , 18640 , 57
232 , 18476 , 230
268 , 18171 , 266
60 , 18291 , 50
127 , 18623 , 125
60 , 18604 , 56
70 , 18192 , 62
843 , 17862 , 837
2192 , 16549 , 2190
81 , 18660 , 79
77 , 18433 , 74
174 , 18479 , 170
69 , 18559 , 66
65 , 18591 , 61
164 , 17835 , 129
6301 , 12410 , 6299
112 , 18599 , 110
67 , 18521 , 62
154 , 18606 , 152
239 , 18192 , 230
275 , 17639 , 181
290 , 17613 , 274
2945 , 15210 , 2934
664 , 17788 , 609
2458 , 15507 , 2419
972 , 17876 , 966
1811 , 16929 , 1803
86 , 17487 , 72
149 , 18228 , 139
6942 , 11687 , 6937
98 , 18214 , 85
66 , 18646 , 61
138 , 18567 , 136
260 , 17041 , 167
1786 , 16799 , 1782
126 , 18593 , 124
929 , 17790 , 927
89 , 18619 , 87
366 , 18264 , 361
1613 , 16945 , 1609
77 , 18591 , 75
165 , 16822 , 70
138 , 17897 , 103
3135 , 15566 , 3133
140 , 18235 , 135
310 , 18366 , 308
1400 , 17276 , 1398
224 , 18066 , 155
135 , 17875 , 82
113 , 17491 , 80
965 , 17557 , 955
216 , 18376 , 210
1108 , 16928 , 1095
769 , 17649 , 739
281 , 18243 , 275
56 , 18636 , 54
170 , 18522 , 168
239 , 18453 , 237
166 , 18391 , 164
945 , 17686 , 941
116 , 18576 , 114
1268 , 17424 , 1266
370 , 18093 , 361
198 , 18084 , 186
99 , 18621 , 97
75 , 18639 , 69
119 , 18264 , 115
120 , 18337 , 110
115 , 18644 , 109
197 , 18558 , 195
821 , 17781 , 731
200 , 18310 , 108
180 , 18578 , 176
154 , 18605 , 148
822 , 17672 , 818
189 , 18402 , 170
1631 , 16295 , 1622
115 , 18588 , 109
1864 , 16861 , 1856
161 , 18299 , 159
227 , 18512 , 223
808 , 17652 , 800
53 , 18559 , 51
121 , 18624 , 109
1865 , 16864 , 1835
105 , 18584 , 97
165 , 18090 , 156
518 , 18142 , 509
596 , 18054 , 572
75 , 18479 , 66
573 , 18012 , 564
3147 , 14940 , 3135
186 , 18347 , 175
1208 , 17335 , 1203
118 , 18139 , 108
63 , 18254 , 53
155 , 17855 , 119
53 , 18650 , 49
220 , 18130 , 194
1041 , 17416 , 1037
460 , 18202 , 457
227 , 18489 , 225
96 , 18663 , 90
1552 , 17207 , 1546
1812 , 16910 , 1801
93 , 18639 , 87
893 , 16704 , 885
107 , 18507 , 105
85 , 18674 , 79
117 , 18343 , 115
188 , 18008 , 154
92 , 18368 , 90
132 , 18627 , 130
78 , 18681 , 72
223 , 18535 , 219
199 , 18428 , 191
142 , 18351 , 128
1666 , 16952 , 1653
356 , 17994 , 348
472 , 18279 , 460
302 , 16856 , 286
111 , 18515 , 104
147 , 18507 , 137
172 , 18511 , 145
115 , 18644 , 109
151 , 18407 , 134
2010 , 16801 , 2002
81 , 18596 , 70
140 , 18467 , 138
79 , 18631 , 58
170 , 17633 , 132
225 , 18503 , 221
69 , 18660 , 65
64 , 18664 , 60
1098 , 17630 , 1094
291 , 18438 , 287
238 , 18490 , 234
217 , 18518 , 208
76 , 18528 , 64
3020 , 15325 , 3004
1338 , 17421 , 1336
237 , 18601 , 208
95 , 18622 , 92
218 , 17503 , 205
109 , 18309 , 106
232 , 18015 , 224
294 , 17869 , 283
296 , 18311 , 285
506 , 18206 , 504
458 , 16830 , 432
243 , 18214 , 240
447 , 18270 , 444
316 , 17950 , 305
68 , 18649 , 65
199 , 18258 , 196
78 , 18839 , 75
4220 , 14539 , 4217
357 , 17810 , 332
98 , 17682 , 70
140 , 17558 , 121
427 , 17372 , 425
2944 , 14855 , 2942
2507 , 15337 , 2481
73 , 18646 , 71
132 , 18587 , 130
1250 , 17402 , 1248
256 , 18396 , 254
89 , 18630 , 87
202 , 18517 , 200
143 , 18464 , 138
244 , 18363 , 239
1326 , 17393 , 1324
158 , 18561 , 156
2686 , 15949 , 2673
57 , 18662 , 55
152 , 18567 , 150
101 , 18618 , 99
1161 , 17558 , 1159
391 , 18328 , 389
149 , 18570 , 147
121 , 18598 , 119
112 , 18607 , 110
3179 , 15540 , 3177
616 , 18103 , 614
236 , 18416 , 233
45 , 18607 , 42
6316 , 12403 , 6314
154 , 18565 , 152
177 , 18542 , 175
116 , 18603 , 114
869 , 17783 , 866
644 , 18008 , 641
87 , 18565 , 84
3814 , 14838 , 3811
137 , 18582 , 135
1015 , 17704 , 1013
2743 , 15976 , 2741
655 , 18064 , 653
97 , 18622 , 95
93 , 18626 , 91
4912 , 13807 , 4910
323 , 18396 , 321
112 , 18607 , 110
279 , 18440 , 277
87 , 18520 , 82
603 , 18049 , 601
230 , 18422 , 227
733 , 17919 , 731
622 , 18030 , 620
880 , 17727 , 875
153 , 18499 , 151
135 , 18517 , 133
4404 , 14315 , 4402
84 , 18635 , 82
161 , 18558 , 159
144 , 18575 , 142
245 , 18474 , 243
94 , 18625 , 92
49 , 18670 , 47
218 , 18501 , 216
199 , 18520 , 197
40 , 18679 , 38
345 , 18374 , 343
142 , 18577 , 140
74 , 18645 , 72
97 , 18622 , 95
149 , 18570 , 147
169 , 18550 , 167
2346 , 16373 , 2344
101 , 18618 , 99
143 , 18576 , 141
102 , 18617 , 100
2099 , 16620 , 2097
92 , 18627 , 90
265 , 18454 , 263
75 , 18644 , 73
135 , 18584 , 133
1714 , 17005 , 1712
398 , 18321 , 396
128 , 18591 , 126
101 , 18618 , 99
159 , 18560 , 157
248 , 18471 , 246
207 , 18512 , 205
114 , 18605 , 112
252 , 18467 , 250
153 , 18411 , 149
164 , 17553 , 102
206 , 17707 , 167
170 , 18375 , 163
3158 , 14796 , 3034
237 , 17855 , 200
902 , 17438 , 883
886 , 17584 , 860
2285 , 14766 , 2112
210 , 18037 , 151
4881 , 14064 , 4738
3521 , 15208 , 3063
173 , 17170 , 115
431 , 17430 , 373
85 , 18328 , 70
117 , 18225 , 52
336 , 17905 , 147
306 , 18123 , 92
240 , 18397 , 238
104 , 18039 , 89
154 , 17375 , 110
135 , 18398 , 128
86 , 18336 , 77
789 , 17708 , 774
132 , 18060 , 90
255 , 18132 , 243
266 , 17511 , 241
476 , 16360 , 403
223 , 18394 , 219
355 , 18224 , 202
3364 , 15046 , 3360
90 , 18370 , 88
136 , 18324 , 134
217 , 18796 , 118
856 , 17035 , 844
273 , 16781 , 251
229 , 18782 , 125
123 , 18463 , 118
184 , 18402 , 179
75 , 18493 , 67
1682 , 16552 , 1659
848 , 17813 , 846
192 , 18205 , 185
110 , 18429 , 103
690 , 17976 , 687
413 , 17904 , 406
658 , 19031 , 266
153 , 18103 , 64
120 , 18323 , 115
477 , 17884 , 465
240 , 17387 , 99
832 , 18696 , 143
164 , 17385 , 133
5339 , 12901 , 5119
2137 , 14657 , 2016
1313 , 16965 , 1055
413 , 17448 , 88
1080 , 20935 , 203
86 , 18290 , 72
158 , 17921 , 123
48 , 18635 , 46
70 , 18711 , 68
384 , 17806 , 351
396 , 17938 , 199
111 , 18234 , 62
2988 , 15425 , 2936
101 , 18515 , 90
225 , 18152 , 208
4143 , 14530 , 4130
113 , 17938 , 72
279 , 16690 , 99
343 , 17511 , 61
672 , 18175 , 184
171 , 18496 , 73
300 , 17824 , 193
202 , 18356 , 184
133 , 18257 , 104
608 , 17969 , 596
79 , 18529 , 59
84 , 18250 , 71
385 , 18186 , 310
93 , 18132 , 81
1074 , 15700 , 759
434 , 18360 , 84
1178 , 19712 , 133
96 , 18239 , 71
165 , 18320 , 86
110 , 18256 , 61
1031 , 18191 , 774
117 , 17922 , 101
84 , 17949 , 61
180 , 18497 , 178
164 , 18513 , 162
239 , 17200 , 214
3285 , 17869 , 2564
108 , 18203 , 94
205 , 16062 , 123
63 , 18591 , 49
4784 , 13539 , 4734
261 , 17727 , 207
996 , 17563 , 913
1923 , 16752 , 1921
261 , 18980 , 247
156 , 18085 , 150
635 , 17211 , 622
327 , 18317 , 319
389 , 17994 , 369
127 , 18339 , 115
303 , 18142 , 287
123 , 18296 , 100
123 , 16968 , 51
2673 , 15435 , 2664
893 , 17141 , 877
128 , 18381 , 117
429 , 18477 , 65
532 , 17330 , 487
2931 , 15769 , 2925
102 , 17883 , 98
1026 , 17788 , 1018
264 , 18349 , 254
553 , 16115 , 350
2678 , 14851 , 2502
48 , 18712 , 35
160 , 17166 , 67
260 , 16943 , 87
794 , 17055 , 745
431 , 17875 , 417
224 , 18264 , 190
205 , 18453 , 164
130 , 18166 , 98
78 , 18530 , 74
317 , 17241 , 152
148 , 18399 , 142
435 , 17655 , 257
134 , 17644 , 80
301 , 18445 , 299
454 , 16069 , 221
228 , 16039 , 126
3470 , 14323 , 3371
214 , 16276 , 160
4672 , 12635 , 4582
864 , 17870 , 862
178 , 18556 , 176
72 , 18688 , 58
594 , 17680 , 564
2120 , 16532 , 2113
199 , 17818 , 130
45 , 18546 , 37
989 , 17770 , 988
166 , 18368 , 158
1333 , 17437 , 1327
112 , 18317 , 94
174 , 18448 , 152
294 , 16863 , 145
110 , 18545 , 106
449 , 18247 , 445
282 , 18414 , 279
170 , 18526 , 167
201 , 18568 , 199
114 , 17670 , 101
102 , 18069 , 87
437 , 18259 , 435
735 , 17961 , 733
203 , 18493 , 201
109 , 17742 , 53
190 , 17432 , 77
130 , 17929 , 107
2152 , 17423 , 1835
164 , 17957 , 146
220 , 17163 , 163
108 , 18160 , 84
568 , 17526 , 379
1802 , 15913 , 1739
423 , 16059 , 228
186 , 17364 , 80
201 , 17541 , 126
491 , 16581 , 479
203 , 16641 , 166
236 , 17773 , 180
338 , 18751 , 187
198 , 17575 , 132
191 , 18537 , 104
602 , 18503 , 412
174 , 17646 , 81
234 , 18012 , 172
87 , 17361 , 53
1040 , 17446 , 936
155 , 18266 , 133
104 , 18094 , 87
179 , 18136 , 168
1594 , 16820 , 1582
893 , 17823 , 891
79 , 18637 , 77
198 , 18166 , 116
250 , 16145 , 104
301 , 17131 , 62
136 , 18039 , 118
250 , 17871 , 209
874 , 17178 , 853
214 , 17735 , 85
281 , 17718 , 214
609 , 17999 , 603
177 , 17907 , 140
1005 , 16639 , 830
97 , 18543 , 95
220 , 18547 , 218
228 , 18425 , 226
464 , 18274 , 461
144 , 16250 , 72
238 , 18025 , 202
198 , 17985 , 118
147 , 18704 , 141
384 , 17983 , 378
183 , 18394 , 181
1614 , 16830 , 1612
360 , 17574 , 351
743 , 17588 , 736
174 , 18330 , 170
84 , 18621 , 82
547 , 17541 , 535
214 , 18290 , 210
150 , 17758 , 139
91 , 18413 , 87
619 , 17733 , 611
92 , 18485 , 90
230 , 18214 , 228
1160 , 17284 , 1158
91 , 18623 , 89
57 , 18404 , 53
1050 , 17422 , 1044
368 , 18136 , 364
237 , 18267 , 233
94 , 18388 , 89
149 , 18350 , 145
2640 , 15711 , 2636
120 , 18467 , 114
773 , 17597 , 769
458 , 18046 , 454
112 , 18402 , 109
71 , 18443 , 68
378 , 16902 , 300
935 , 18418 , 196
173 , 18319 , 134
82 , 18421 , 75
276 , 18195 , 260
366 , 18240 , 360
158 , 18448 , 150
353 , 17415 , 311
3035 , 25807 , 383
173 , 18317 , 162
244 , 17173 , 178
252 , 17434 , 151
1696 , 16832 , 1685
176 , 18920 , 91
51 , 18392 , 46
118 , 18148 , 108
110 , 17775 , 66
678 , 17169 , 313
250 , 17658 , 215
179 , 17523 , 61
147 , 17793 , 124
639 , 17049 , 548
150 , 18167 , 129
283 , 17888 , 260
131 , 17706 , 97
441 , 17876 , 430
542 , 17632 , 506
252 , 17792 , 148
77 , 18551 , 72
256 , 18064 , 246
158 , 17642 , 137
166 , 17882 , 152
176 , 17829 , 68
1117 , 17591 , 1115
290 , 18317 , 287
395 , 18314 , 393
99 , 18592 , 95
65 , 18589 , 57
372 , 17360 , 361
693 , 17176 , 676
249 , 17986 , 224
62 , 18522 , 58
710 , 17904 , 708
407 , 18163 , 405
227 , 18343 , 224
394 , 18176 , 391
177 , 17673 , 78
1262 , 16856 , 1038
291 , 18389 , 135
223 , 17512 , 134
1144 , 17107 , 749
2342 , 15189 , 2221
284 , 18208 , 133
557 , 19438 , 106
190 , 17978 , 75
748 , 17204 , 716
410 , 17039 , 374
291 , 16362 , 90
126 , 17734 , 82
486 , 17482 , 457
90 , 17338 , 55
1536 , 14227 , 1398
330 , 16686 , 58
2566 , 15767 , 2546
252 , 17276 , 147
131 , 17332 , 93
166 , 17133 , 78
852 , 17789 , 850
269 , 18372 , 266
215 , 18426 , 212
647 , 17994 , 640
204 , 18134 , 201
1037 , 17355 , 1029
234 , 18407 , 231
169 , 18074 , 149
111 , 18610 , 109
125 , 18596 , 123
125 , 18232 , 63
288 , 18057 , 260
153 , 17722 , 117
976 , 18302 , 81
106 , 17635 , 77
531 , 18601 , 149
787 , 18358 , 125
5367 , 13589 , 4918
196 , 17884 , 53
819 , 17350 , 797
1071 , 17890 , 598
897 , 15933 , 835
167 , 18415 , 158
803 , 17718 , 796
811 , 16899 , 769
164 , 18319 , 90
5611 , 12545 , 5336
66 , 18521 , 64
300 , 16408 , 175
376 , 16840 , 293
101 , 18618 , 91
782 , 18124 , 727
1043 , 17796 , 1013
432 , 18877 , 431
4713 , 14590 , 4708
1171 , 18132 , 1157
180 , 19123 , 173
135 , 19168 , 134
72 , 19231 , 67
86 , 19160 , 84
161 , 19142 , 154
362 , 18970 , 354
123 , 19180 , 117
4455 , 14548 , 4454
81 , 19222 , 74
662 , 18641 , 652
206 , 19111 , 191
76 , 19227 , 72
102 , 19202 , 94
128 , 19144 , 120
210 , 19922 , 157
411 , 18800 , 410
1141 , 16469 , 1058
691 , 18629 , 289
66 , 18610 , 59
71 , 18554 , 67
54 , 18571 , 50
4861 , 14877 , 4854
3756 , 16025 , 3755
566 , 19000 , 562
1360 , 18395 , 1359
401 , 19354 , 389
178 , 19574 , 170
167 , 19408 , 161
133 , 19597 , 131
79 , 19635 , 77
90 , 19642 , 85
921 , 18793 , 918
624 , 19137 , 612
256 , 19458 , 247
252 , 19462 , 245
851 , 18499 , 850
154 , 19253 , 151
890 , 18840 , 888
150 , 19517 , 149
81 , 19269 , 80
2178 , 17181 , 2176
117 , 19673 , 113
184 , 19606 , 181
694 , 18684 , 692
128 , 19448 , 127
6024 , 13766 , 6020
592 , 19146 , 591
229 , 19121 , 228
510 , 19280 , 497
2633 , 17085 , 2623
1264 , 18312 , 1263
2220 , 17570 , 2205
5444 , 14308 , 5440
280 , 19086 , 240
282 , 19450 , 279
127 , 19223 , 126
173 , 19582 , 169
100 , 19517 , 96
649 , 18701 , 648
126 , 19626 , 115
60 , 19692 , 55
249 , 19503 , 245
158 , 19485 , 152
3518 , 16293 , 3508
171 , 19492 , 166
100 , 19632 , 94
107 , 19645 , 97
81 , 19621 , 75
109 , 19643 , 99
306 , 19446 , 294
64 , 19688 , 60
130 , 19913 , 104
181 , 19899 , 174
228 , 19120 , 210
2391 , 16959 , 2390
878 , 18824 , 876
199 , 19759 , 174
3259 , 16100 , 3257
4346 , 15362 , 4335
132 , 19360 , 130
135 , 19815 , 97
226 , 19124 , 225
102 , 19650 , 92
222 , 19589 , 212
310 , 19586 , 285
225 , 19477 , 218
223 , 19567 , 221
153 , 19549 , 146
137 , 19484 , 115
88 , 19547 , 84
158 , 19656 , 148
118 , 19951 , 103
123 , 19642 , 118
1953 , 17799 , 1945
135 , 19617 , 128
6956 , 12796 , 6950
74 , 19678 , 69
563 , 19472 , 535
256 , 19350 , 252
2294 , 17444 , 2274
224 , 18977 , 218
278 , 19587 , 191
357 , 19433 , 354
225 , 19443 , 221
206 , 16984 , 49
97 , 16530 , 62
1057 , 15634 , 881
225 , 16795 , 78
168 , 18738 , 99
661 , 21352 , 52
911 , 19705 , 188
925 , 17271 , 727
103 , 18312 , 82
115 , 17839 , 64
299 , 15683 , 112
250 , 17685 , 228
308 , 17409 , 283
1870 , 16629 , 1868
166 , 17500 , 121
204 , 18492 , 202
47 , 18649 , 45
55 , 18397 , 49
251 , 17966 , 240
211 , 17677 , 187
173 , 18022 , 140
321 , 18305 , 78
235 , 18145 , 229
2547 , 16218 , 2544
178 , 16637 , 123
584 , 19049 , 209
173 , 18356 , 166
503 , 18037 , 497
981 , 18992 , 392
56 , 18613 , 50
136 , 18539 , 128
111 , 17923 , 101
109 , 17721 , 78
85 , 18043 , 79
548 , 17210 , 528
166 , 16800 , 148
105 , 17093 , 88
573 , 18337 , 212
541 , 16714 , 387
85 , 18376 , 80
68 , 17497 , 36
485 , 17545 , 142
1527 , 16318 , 1520
100 , 17590 , 52
195 , 17242 , 182
176 , 17962 , 174
897 , 17685 , 893
88 , 18573 , 86
163 , 18434 , 157
110 , 18604 , 105
157 , 18186 , 147
481 , 18204 , 476
179 , 18332 , 173
474 , 17781 , 467
259 , 18406 , 255
6204 , 12088 , 6188
95 , 18215 , 69
169 , 18260 , 159
308 , 16567 , 274
371 , 17236 , 361
2871 , 14290 , 2795
114 , 18563 , 101
1688 , 16137 , 1659
162 , 18101 , 155
76 , 18658 , 74
2627 , 14972 , 2590
156 , 17741 , 131
110 , 18456 , 97
358 , 18401 , 357
82 , 18633 , 77
90 , 17926 , 70
439 , 17650 , 426
90 , 18437 , 88
139 , 18412 , 136
218 , 18295 , 192
515 , 16667 , 457
98 , 18200 , 89
174 , 18442 , 169
666 , 18093 , 665
824 , 17654 , 821
262 , 17176 , 123
106 , 18307 , 96
565 , 17477 , 324
180 , 17070 , 90
158 , 17629 , 151
78 , 17933 , 72
169 , 18451 , 162
106 , 18608 , 104
88 , 18638 , 84
82 , 18387 , 61
3627 , 13933 , 3619
61 , 17723 , 55
138 , 18527 , 134
199 , 18188 , 193
203 , 18499 , 199
262 , 18484 , 260
699 , 17837 , 679
859 , 16492 , 850
866 , 16709 , 859
884 , 17785 , 882
180 , 18496 , 177
4498 , 14211 , 4495
911 , 17631 , 907
154 , 18565 , 134
171 , 17266 , 163
167 , 18367 , 164
189 , 18499 , 185
33 , 18673 , 30
2474 , 16236 , 2472
203 , 18520 , 201
7284 , 11436 , 7280
816 , 17943 , 802
59 , 17181 , 50
999 , 17338 , 995
1060 , 17568 , 1055
4352 , 14320 , 4350
199 , 18483 , 197
93 , 18597 , 90
1475 , 16994 , 1458
86 , 18456 , 83
2625 , 15999 , 2622
556 , 18099 , 554
127 , 18521 , 125
1586 , 17085 , 1584
135 , 18555 , 133
383 , 18271 , 379
692 , 17997 , 690
415 , 18310 , 413
158 , 16937 , 148
60 , 18132 , 55
239 , 18244 , 233
268 , 18491 , 255
105 , 18253 , 101
94 , 18543 , 91
3894 , 14746 , 3890
92 , 18589 , 90
633 , 18064 , 630
992 , 17711 , 990
129 , 18552 , 125
678 , 18016 , 674
296 , 18428 , 294
211 , 18090 , 204
71 , 18688 , 63
158 , 18601 , 156
86 , 18673 , 73
1281 , 17515 , 1279
101 , 18694 , 99
130 , 18686 , 116
169 , 18476 , 166
214 , 18430 , 211
131 , 18536 , 129
1649 , 17058 , 1647
121 , 18638 , 110
113 , 18298 , 109
66 , 18344 , 62
145 , 18519 , 143
4190 , 14569 , 4176
440 , 17700 , 435
65 , 18218 , 60
117 , 18165 , 112
218 , 18248 , 215
184 , 18577 , 171
347 , 18334 , 344
103 , 18011 , 97
463 , 17650 , 457
130 , 18238 , 126
430 , 18232 , 425
99 , 18660 , 86
92 , 18646 , 90
798 , 17020 , 791
123 , 17694 , 116
789 , 17277 , 784
942 , 17817 , 931
191 , 18568 , 173
69 , 17634 , 61
142 , 17560 , 134
207 , 17688 , 201
192 , 18573 , 190
456 , 18263 , 437
93 , 17302 , 84
530 , 16864 , 521
610 , 17046 , 603
413 , 18139 , 411
179 , 18527 , 177
233 , 18486 , 219
296 , 16823 , 286
89 , 17020 , 79
202 , 17160 , 194
74 , 18404 , 71
171 , 18548 , 151
201 , 16692 , 190
200 , 16684 , 189
654 , 16495 , 645
265 , 17999 , 261
764 , 17863 , 762
173 , 18540 , 157
205 , 16816 , 195
55 , 18082 , 50
1188 , 17313 , 1185
1150 , 17450 , 1146
4030 , 14674 , 4028
97 , 18663 , 95
632 , 18087 , 613
914 , 15899 , 903
3040 , 14888 , 3034
342 , 17950 , 337
1473 , 17230 , 1467
107 , 18737 , 85
78 , 18478 , 75
1406 , 15220 , 1394
85 , 17649 , 78
67 , 18029 , 62
812 , 17814 , 809
303 , 18355 , 299
168 , 18592 , 166
201 , 18606 , 170
1740 , 16834 , 1736
661 , 17205 , 655
136 , 18350 , 133
2306 , 16343 , 2303
3455 , 15195 , 3452
43 , 18581 , 38
144 , 18544 , 141
107 , 18599 , 104
141 , 18578 , 121
682 , 17984 , 680
91 , 18120 , 87
3324 , 15050 , 3320
117 , 18480 , 114
4202 , 14489 , 4199
57 , 18645 , 55
614 , 18099 , 593
149 , 18535 , 147
82 , 17926 , 77
79 , 18092 , 74
350 , 18045 , 347
137 , 18495 , 131
163 , 18596 , 144
2918 , 15842 , 2903
1293 , 16437 , 1287
66 , 17824 , 60
266 , 17848 , 261
545 , 17983 , 540
113 , 18487 , 109
352 , 18367 , 329
1296 , 17067 , 1292
396 , 18217 , 394
103 , 18521 , 101
151 , 18476 , 148
218 , 18445 , 216
109 , 18646 , 87
1486 , 16652 , 1481
3617 , 14982 , 3615
76 , 18536 , 74
129 , 18508 , 125
53 , 18637 , 51
64 , 17969 , 61
597 , 18160 , 578
214 , 17773 , 208
108 , 18546 , 106
134 , 18520 , 131
721 , 17961 , 719
108 , 18613 , 106
260 , 18494 , 258
149 , 18320 , 125
77 , 18509 , 75
176 , 17288 , 172
3864 , 13606 , 3859
2016 , 15478 , 2010
160 , 17324 , 153
143 , 18616 , 121
229 , 18405 , 226
196 , 18419 , 192
332 , 18307 , 329
128 , 17458 , 124
112 , 18647 , 88
119 , 18520 , 117
1904 , 16752 , 1898
171 , 18495 , 162
389 , 18370 , 379
3052 , 15477 , 3048
395 , 18253 , 391
157 , 18478 , 155
158 , 18509 , 155
1865 , 16821 , 1862
863 , 17853 , 860
95 , 18624 , 71
1885 , 16797 , 1883
184 , 18502 , 181
168 , 18540 , 164
2876 , 15905 , 2862
79 , 18536 , 76
167 , 18512 , 165
85 , 18601 , 83
100 , 18600 , 98
734 , 17984 , 730
565 , 18165 , 561
210 , 18512 , 205
108 , 18664 , 84
101 , 18347 , 97
193 , 18402 , 190
103 , 18590 , 99
199 , 18511 , 197
561 , 18137 , 557
228 , 18478 , 225
4895 , 13141 , 4876
126 , 18121 , 121
2708 , 15800 , 2703
141 , 18455 , 138
966 , 17663 , 964
160 , 18476 , 158
229 , 18411 , 227
73 , 18571 , 69
74 , 18685 , 58
246 , 18126 , 241
93 , 18354 , 89
220 , 18439 , 218
281 , 18379 , 278
1620 , 17036 , 1618
197 , 18507 , 194
1695 , 17064 , 1683
157 , 18518 , 152
63 , 18593 , 59
4148 , 14568 , 4144
410 , 18326 , 407
214 , 18657 , 199
230 , 18462 , 228
1445 , 17254 , 1442
224 , 18474 , 222
87 , 18619 , 83
1394 , 17359 , 1392
146 , 18615 , 142
84 , 18592 , 81
76 , 18710 , 72
2270 , 16535 , 2267
50 , 18707 , 48
77 , 18682 , 76
82 , 18663 , 80
325 , 18302 , 322
119 , 18561 , 116
197 , 18548 , 195
633 , 18112 , 631
396 , 18349 , 394
72 , 18673 , 70
60 , 18393 , 56
122 , 18384 , 118
1194 , 17565 , 1178
432 , 18313 , 430
7076 , 11568 , 7074
4977 , 13632 , 4972
213 , 18450 , 210
900 , 17774 , 894
1106 , 17653 , 1085
116 , 18629 , 114
58 , 18559 , 54
141 , 18489 , 136
122 , 18548 , 119
2821 , 15852 , 2819
216 , 18486 , 214
4525 , 14121 , 4521
121 , 18630 , 119
207 , 18623 , 179
286 , 18347 , 284
78 , 18536 , 73
240 , 18436 , 236
92 , 18587 , 88
556 , 18111 , 549
139 , 18606 , 137
133 , 18068 , 128
177 , 18002 , 172
79 , 18666 , 77
98 , 18647 , 96
725 , 18020 , 723
613 , 18132 , 611
257 , 18488 , 255
2291 , 16414 , 2287
361 , 18384 , 359
71 , 18384 , 67
114 , 17845 , 108
97 , 18648 , 95
86 , 18659 , 84
153 , 18302 , 149
2994 , 14732 , 2987
71 , 18674 , 69
1636 , 17109 , 1634
462 , 18283 , 460
66 , 18679 , 64
93 , 18612 , 89
119 , 18626 , 117
111 , 18634 , 109
107 , 18638 , 105
182 , 18273 , 178
101 , 17244 , 93
1569 , 17176 , 1567
1760 , 16985 , 1758
70 , 18675 , 68
129 , 18616 , 127
949 , 17506 , 945
953 , 17792 , 951
114 , 18631 , 112
726 , 18019 , 724
86 , 18659 , 84
80 , 18375 , 76
2069 , 16676 , 2067
64 , 18681 , 62
87 , 18658 , 85
103 , 18642 , 101
129 , 18616 , 127
6933 , 11812 , 6930
163 , 18582 , 160
182 , 18563 , 179
206 , 18539 , 204
1532 , 17213 , 1530
3297 , 15448 , 3295
2900 , 15845 , 2898
180 , 18565 , 178
112 , 18633 , 110
104 , 18641 , 102
91 , 18654 , 88
121 , 18624 , 119
300 , 18445 , 298
456 , 18289 , 454
336 , 18409 , 334
252 , 18493 , 250
190 , 18555 , 188
208 , 18537 , 206
107 , 18638 , 105
77 , 18668 , 75
74 , 18671 , 72
245 , 18500 , 243
114 , 18631 , 112
352 , 18393 , 350
35 , 18710 , 33
101 , 18644 , 99
947 , 17798 , 945
421 , 18324 , 419
285 , 18460 , 283
107 , 18638 , 105
109 , 18636 , 107
126 , 18619 , 124
102 , 18643 , 100
431 , 18314 , 429
70 , 18675 , 68
52 , 18693 , 50
360 , 18385 , 358
720 , 18025 , 718
260 , 18485 , 258
83 , 18662 , 81
165 , 18580 , 163
189 , 18556 , 187
474 , 18271 , 472
625 , 18120 , 623
88 , 18657 , 86
90 , 18655 , 88
98 , 18647 , 96
63 , 18682 , 61
284 , 18461 , 281
908 , 17837 , 906
120 , 18625 , 118
212 , 18533 , 210
594 , 18151 , 592
99 , 18646 , 97
118 , 18627 , 116
86 , 18659 , 84
573 , 18132 , 569
458 , 18287 , 456
61 , 18684 , 59
145 , 18600 , 143
57 , 18688 , 55
154 , 18591 , 152
87 , 18658 , 85
176 , 18569 , 174
103 , 16524 , 43
264 , 17579 , 212
3813 , 13015 , 3670
4451 , 13914 , 4444
68 , 18233 , 52
200 , 17414 , 156
271 , 18095 , 181
56 , 18622 , 54
83 , 18262 , 81
210 , 18462 , 203
538 , 17938 , 532
375 , 18299 , 373
368 , 17500 , 79
82 , 18556 , 74
133 , 18455 , 131
332 , 17975 , 321
3812 , 14857 , 3792
3182 , 15345 , 3173
70 , 18556 , 51
165 , 18441 , 158
3698 , 14905 , 3693
115 , 18536 , 109
445 , 18379 , 430
887 , 17497 , 867
166 , 18496 , 159
154 , 18305 , 130
1891 , 15952 , 1875
135 , 18265 , 128
783 , 17760 , 776
904 , 18239 , 893
169 , 18804 , 151
783 , 17260 , 773
138 , 18369 , 123
150 , 18531 , 148
2125 , 16540 , 2117
515 , 17378 , 426
185 , 18956 , 157
637 , 16871 , 556
137 , 17240 , 112
146 , 18693 , 109
291 , 17529 , 272
154 , 17625 , 107
1878 , 15723 , 1831
4095 , 13816 , 4066
353 , 18198 , 313
223 , 18364 , 217
207 , 18161 , 161
93 , 18244 , 55
114 , 17290 , 93
651 , 18626 , 627
856 , 17256 , 815
592 , 16965 , 471
437 , 17907 , 395
4532 , 14356 , 4519
946 , 20578 , 108
856 , 16469 , 807
611 , 16723 , 578
1803 , 16279 , 1783
292 , 18034 , 119
176 , 18031 , 142
123 , 18353 , 117
2400 , 15552 , 2155
307 , 16763 , 109
117 , 18057 , 101
173 , 18002 , 141
254 , 17679 , 133
344 , 16479 , 238
400 , 18342 , 395
124 , 18400 , 100
122 , 18560 , 90
181 , 17303 , 134
135 , 16163 , 79
348 , 18033 , 323
148 , 18067 , 71
2410 , 15315 , 2341
488 , 18198 , 482
4452 , 14219 , 4445
1615 , 15362 , 1579
164 , 18127 , 99
1953 , 15881 , 1753
551 , 17107 , 491
766 , 17248 , 582
237 , 17857 , 107
88 , 16540 , 75
4327 , 14300 , 4245
114 , 18164 , 103
334 , 17790 , 211
205 , 16886 , 149
264 , 16927 , 237
281 , 16591 , 222
5992 , 11328 , 5954
789 , 17944 , 695
3687 , 13688 , 3578
174 , 18390 , 170
3771 , 14266 , 3715
377 , 17876 , 362
388 , 17692 , 366
102 , 17217 , 51
2812 , 15602 , 2757
342 , 17641 , 66
197 , 18936 , 89
258 , 18176 , 247
548 , 17198 , 525
330 , 18805 , 106
327 , 17998 , 201
590 , 16878 , 540
141 , 18988 , 109
137 , 17576 , 105
1566 , 17123 , 1552
1472 , 16876 , 1453
122 , 18910 , 97
229 , 16617 , 105
305 , 17632 , 212
393 , 16731 , 310
288 , 17557 , 281
4962 , 13745 , 4921
146 , 18499 , 113
141 , 18237 , 128
185 , 16232 , 107
94 , 18205 , 77
147 , 18647 , 128
1718 , 16246 , 1553
5387 , 13244 , 5375
287 , 17332 , 226
408 , 17775 , 392
170 , 18638 , 153
1667 , 17342 , 1630
367 , 16896 , 342
237 , 16115 , 194
4134 , 15172 , 4103
103 , 18862 , 55
97 , 19200 , 48
232 , 18020 , 185
1894 , 16569 , 1788
2143 , 15401 , 2000
554 , 17204 , 485
93 , 18011 , 56
551 , 17700 , 512
149 , 17626 , 87
180 , 18977 , 143
120 , 18240 , 73
104 , 17943 , 58
148 , 17180 , 70
458 , 17914 , 433
174 , 18417 , 146
244 , 18765 , 211
4681 , 13205 , 4642
2733 , 13818 , 2631
474 , 17329 , 413
205 , 17975 , 165
199 , 17669 , 175
935 , 16411 , 793
2802 , 15074 , 2790
176 , 18486 , 153
473 , 17107 , 378
134 , 17696 , 78
104 , 19040 , 80
289 , 17981 , 98
217 , 16490 , 95
1128 , 16418 , 1088
230 , 17498 , 107
234 , 18546 , 158
6312 , 11681 , 6250
243 , 16852 , 57
366 , 17762 , 297
82 , 18620 , 74
137 , 17460 , 127
238 , 17553 , 156
270 , 18880 , 194
101 , 16900 , 50
224 , 18236 , 185
970 , 17774 , 924
211 , 17634 , 171
298 , 16845 , 220
169 , 18361 , 73
307 , 17729 , 216
127 , 17800 , 97
201 , 18784 , 127
259 , 18861 , 212
101 , 18186 , 82
521 , 17232 , 494
127 , 17983 , 111
100 , 18405 , 88
120 , 18487 , 114
168 , 18285 , 138
772 , 16183 , 691
257 , 17625 , 116
382 , 17978 , 154
5448 , 12584 , 5365
319 , 17600 , 282
73 , 18134 , 64
280 , 17749 , 87
492 , 17563 , 440
238 , 17822 , 187
123 , 18527 , 112
197 , 18438 , 164
678 , 17294 , 578
270 , 17489 , 201
312 , 18453 , 123
90 , 19198 , 54
234 , 18407 , 230
73 , 17649 , 44
185 , 18357 , 151
186 , 17702 , 108
361 , 17167 , 312
4385 , 14078 , 4375
2463 , 16045 , 2279
129 , 16790 , 60
173 , 18255 , 80
2738 , 15303 , 2703
281 , 17408 , 72
548 , 18211 , 547
186 , 18589 , 119
1308 , 17564 , 1273
527 , 16957 , 421
2983 , 15293 , 2962
282 , 18090 , 148
308 , 17140 , 150
163 , 18596 , 162
141 , 17730 , 26
114 , 18524 , 110
110 , 18090 , 91
416 , 18096 , 412
538 , 18165 , 535
618 , 18671 , 326
264 , 17416 , 236
263 , 17264 , 204
251 , 18230 , 240
5378 , 13245 , 5375
424 , 18344 , 422
307 , 18461 , 305
139 , 18481 , 132
3839 , 14929 , 3837
318 , 18450 , 316
511 , 18257 , 509
1571 , 22617 , 99
56 , 18620 , 52
87 , 18458 , 79
43 , 18609 , 41
110 , 18458 , 102
312 , 18318 , 305
178 , 18543 , 174
1849 , 16821 , 1842
101 , 18667 , 99
95 , 18673 , 93
77 , 18691 , 75
200 , 18568 , 198
379 , 18389 , 377
1399 , 17369 , 1397
193 , 18575 , 191
115 , 18523 , 111
250 , 18369 , 246
72 , 18696 , 70
3061 , 15707 , 3059
204 , 18353 , 193
166 , 18518 , 158
126 , 18531 , 120
62 , 18364 , 53
134 , 18634 , 132
69 , 18699 , 67
257 , 18246 , 245
175 , 18593 , 173
443 , 18235 , 437
117 , 18651 , 115
4957 , 13811 , 4955
1023 , 17745 , 1021
1774 , 16994 , 1772
399 , 18279 , 391
719 , 17819 , 715
252 , 18516 , 250
262 , 18506 , 260
72 , 18634 , 64
212 , 18556 , 210
84 , 18684 , 82
127 , 18693 , 117
91 , 18677 , 89
134 , 18634 , 132
103 , 18665 , 101
109 , 18659 , 107
167 , 18452 , 159
189 , 18579 , 187
162 , 18606 , 160
136 , 18569 , 125
662 , 18046 , 658
226 , 18295 , 213
302 , 18466 , 300
106 , 18662 , 104
233 , 18355 , 222
68 , 18527 , 60
2486 , 16282 , 2484
200 , 18698 , 189
49 , 18719 , 47
121 , 18506 , 117
691 , 17771 , 675
51 , 18717 , 49
92 , 18676 , 90
75 , 18693 , 73
62 , 18706 , 59
171 , 18597 , 169
126 , 18412 , 121
164 , 18604 , 162
152 , 18561 , 144
358 , 17935 , 353
59 , 18709 , 57
486 , 18282 , 484
111 , 18375 , 106
78 , 18362 , 59
79 , 18634 , 75
2300 , 14836 , 2197
1086 , 17575 , 1051
212 , 18140 , 202
3237 , 15643 , 3231
278 , 16663 , 225
84 , 18339 , 76
277 , 17943 , 230
146 , 18239 , 139
141 , 18242 , 133
4996 , 12501 , 4805
823 , 19724 , 226
572 , 16773 , 477
351 , 17446 , 116
512 , 17896 , 99
540 , 18317 , 487
470 , 17368 , 286
467 , 15949 , 373
143 , 18558 , 118
305 , 17988 , 195
238 , 18261 , 209
6758 , 10945 , 6707
1610 , 23373 , 128
186 , 18377 , 184
87 , 18116 , 79
60 , 18360 , 45
322 , 17909 , 300
132 , 18515 , 125
100 , 18464 , 81
273 , 16778 , 116
1608 , 17210 , 1315
553 , 16961 , 529
248 , 17316 , 206
1205 , 17036 , 1144
1774 , 16160 , 1744
202 , 17998 , 173
181 , 18163 , 145
87 , 18058 , 67
201 , 18260 , 133
157 , 18602 , 155
208 , 18381 , 188
226 , 17473 , 185
456 , 16652 , 206
117 , 18463 , 101
224 , 18501 , 222
78 , 18613 , 76
188 , 18503 , 180
113 , 18578 , 111
4633 , 12401 , 4625
100 , 16934 , 96
102 , 16952 , 100
292 , 18467 , 290
449 , 18240 , 442
83 , 18160 , 71
232 , 17445 , 215
573 , 17723 , 561
189 , 18469 , 183
234 , 18488 , 230
276 , 17356 , 235
94 , 18651 , 91
6480 , 12278 , 6477
92 , 18760 , 91
836 , 16359 , 803
442 , 18410 , 440
5117 , 13304 , 5101
255 , 18155 , 209
223 , 18503 , 218
190 , 18662 , 189
697 , 17991 , 691
171 , 18505 , 168
5326 , 13433 , 5325
7793 , 10792 , 7785
206 , 18553 , 199
110 , 18645 , 107
620 , 17988 , 483
267 , 18293 , 181
145 , 18614 , 143
123 , 18595 , 121
3053 , 15582 , 3049
137 , 18581 , 135
747 , 17383 , 742
562 , 18156 , 560
2776 , 15942 , 2774
161 , 18557 , 159
139 , 18591 , 136
178 , 18419 , 162
166 , 18537 , 160
137 , 18455 , 133
1320 , 17410 , 1318
59 , 18623 , 55
143 , 18411 , 133
4265 , 14465 , 4263
135 , 18379 , 127
206 , 18448 , 200
238 , 18487 , 234
177 , 18553 , 175
80 , 18588 , 74
185 , 18475 , 180
130 , 18600 , 128
152 , 18538 , 148
3028 , 15702 , 3025
79 , 18632 , 73
271 , 17962 , 252
68 , 18540 , 64
152 , 18326 , 86
97 , 18587 , 94
805 , 17836 , 799
157 , 18586 , 154
167 , 18517 , 165
168 , 18366 , 165
90 , 18595 , 79
2145 , 16544 , 2136
781 , 17347 , 771
174 , 17655 , 118
832 , 17889 , 830
134 , 18371 , 132
124 , 18048 , 109
196 , 18432 , 188
6823 , 11644 , 6817
131 , 18077 , 114
122 , 18584 , 119
73 , 18648 , 70
63 , 18696 , 62
202 , 18504 , 200
251 , 18417 , 245
110 , 18398 , 99
1140 , 17619 , 1139
245 , 17923 , 220
461 , 18121 , 459
2472 , 16110 , 2470
95 , 18487 , 93
1055 , 17568 , 1047
2225 , 14328 , 2216
425 , 16040 , 415
185 , 17771 , 171
80 , 16732 , 45
161 , 18262 , 151
239 , 18477 , 237
295 , 18450 , 292
2781 , 15964 , 2778
265 , 18273 , 260
112 , 18535 , 108
223 , 18396 , 122
566 , 17099 , 539
98 , 18110 , 85
1890 , 16860 , 1888
199 , 18551 , 197
110 , 18284 , 101
164 , 18418 , 158
72 , 18614 , 70
708 , 17079 , 699
494 , 18192 , 492
80 , 18408 , 75
131 , 18388 , 118
217 , 18398 , 213
46 , 18656 , 44
131 , 18489 , 125
4612 , 13908 , 4607
51 , 18187 , 44
452 , 18154 , 450
79 , 18398 , 77
70 , 18536 , 68
143 , 18463 , 141
558 , 17504 , 551
145 , 18438 , 143
180 , 18403 , 177
273 , 18016 , 271
118 , 18209 , 112
432 , 17390 , 426
206 , 18485 , 204
2526 , 15990 , 2501
92 , 18554 , 90
232 , 18520 , 230
460 , 18292 , 458
134 , 18535 , 132
184 , 18306 , 169
175 , 17813 , 74
165 , 17592 , 135
151 , 17537 , 139
1075 , 20050 , 84
376 , 18349 , 374
56 , 18323 , 52
1712 , 16798 , 1702
1100 , 17607 , 1098
104 , 18274 , 91
70 , 18539 , 66
111 , 18625 , 108
347 , 18263 , 345
181 , 18164 , 161
159 , 18482 , 157
1444 , 17112 , 1442
259 , 18102 , 251
70 , 18636 , 68
251 , 18129 , 239
151 , 17977 , 141
406 , 18319 , 403
90 , 18534 , 83
2251 , 16478 , 2241
1324 , 17435 , 1323
209 , 18520 , 206
110 , 18615 , 107
2524 , 15875 , 2502
113 , 18057 , 93
2402 , 15451 , 2377
101 , 17535 , 52
451 , 19287 , 86
1527 , 16195 , 1279
362 , 18100 , 156
258 , 17742 , 170
325 , 18092 , 307
252 , 18272 , 191
867 , 20090 , 102
896 , 16811 , 847
186 , 18460 , 182
70 , 18672 , 68
68 , 18244 , 58
2456 , 15858 , 2434
661 , 17724 , 650
7273 , 11236 , 7262
5140 , 12979 , 5133
50 , 18470 , 37
150 , 18493 , 148
848 , 17778 , 842
337 , 18380 , 335
139 , 18394 , 131
143 , 18390 , 136
90 , 18478 , 88
106 , 18626 , 104
1589 , 17143 , 1587
284 , 18404 , 279
2027 , 16203 , 2010
497 , 17702 , 487
115 , 18644 , 114
1275 , 17334 , 1268
4125 , 14634 , 4124
66 , 18693 , 65
73 , 18686 , 72
317 , 18415 , 315
617 , 18075 , 613
257 , 18213 , 252
4380 , 14169 , 4376
627 , 17154 , 610
100 , 18662 , 98
77 , 18282 , 75
89 , 18670 , 87
4372 , 14238 , 4370
106 , 19217 , 103
56 , 18477 , 54
170 , 17669 , 156
102 , 17883 , 100
76 , 17909 , 74
137 , 19057 , 128
144 , 18410 , 138
66 , 18399 , 55
188 , 18362 , 177
324 , 18150 , 307
116 , 18221 , 101
50 , 17497 , 30
120 , 18555 , 118
224 , 18405 , 218
143 , 17843 , 121
60 , 18699 , 59
104 , 18547 , 98
863 , 16436 , 834
175 , 17701 , 160
171 , 17818 , 163
247 , 18476 , 241
112 , 18630 , 110
1813 , 16664 , 1799
189 , 17863 , 165
368 , 18374 , 366
92 , 18144 , 72
110 , 18589 , 102
173 , 18681 , 160
73 , 16906 , 69
50 , 18662 , 48
729 , 16410 , 512
505 , 17442 , 191
101 , 18591 , 97
74 , 18451 , 66
167 , 17499 , 154
113 , 18574 , 109
127 , 18489 , 122
4118 , 14315 , 4114
217 , 18282 , 215
202 , 17100 , 174
222 , 18385 , 216
221 , 17175 , 215
806 , 17777 , 804
159 , 17676 , 133
79 , 18498 , 72
201 , 16687 , 174
89 , 18553 , 84
92 , 18529 , 76
471 , 18066 , 439
1255 , 17900 , 843
1226 , 16508 , 1158
5792 , 13216 , 5588
2452 , 18508 , 1856
455 , 17297 , 375
4435 , 14331 , 4158
179 , 18229 , 169
109 , 17389 , 78
285 , 17280 , 225
200 , 17007 , 108
70 , 18532 , 67
332 , 18053 , 320
73 , 18551 , 71
255 , 17531 , 234
169 , 18551 , 167
349 , 17820 , 338
144 , 18521 , 141
115 , 18550 , 111
3854 , 14137 , 3834
211 , 18397 , 209
114 , 17982 , 101
830 , 17890 , 828
78 , 18642 , 76
178 , 18371 , 144
114 , 18551 , 111
2722 , 15049 , 2682
472 , 18228 , 470
59 , 18447 , 51
151 , 18408 , 141
98 , 18086 , 93
327 , 18327 , 323
107 , 18613 , 105
1023 , 17697 , 1021
972 , 16620 , 924
331 , 17774 , 168
2223 , 25052 , 160
114 , 18265 , 100
352 , 16800 , 208
126 , 18262 , 115
294 , 17147 , 248
1214 , 17270 , 1199
236 , 17657 , 77
336 , 17036 , 296
121 , 17894 , 106
205 , 18008 , 180
110 , 18462 , 101
105 , 18572 , 97
112 , 17883 , 81
1130 , 17279 , 1118
204 , 17335 , 122
502 , 17885 , 333
193 , 17519 , 117
443 , 18047 , 428
435 , 18381 , 223
941 , 16745 , 908
383 , 19063 , 122
130 , 17220 , 106
4468 , 14366 , 4428
242 , 18259 , 208
165 , 17553 , 105
121 , 18307 , 116
600 , 18169 , 464
872 , 16967 , 791
519 , 16064 , 420
280 , 17221 , 172
344 , 17765 , 192
236 , 17594 , 77
402 , 17522 , 230
5486 , 12939 , 5310
185 , 18222 , 133
211 , 17733 , 75
728 , 17462 , 617
146 , 18356 , 140
220 , 17856 , 197
344 , 18576 , 122
252 , 17757 , 130
2180 , 17497 , 1835
372 , 18623 , 133
114 , 17967 , 45
199 , 18207 , 177
333 , 18013 , 171
453 , 18372 , 298
124 , 17875 , 90
903 , 17611 , 810
147 , 17599 , 119
319 , 17555 , 304
144 , 18183 , 109
2436 , 17458 , 2012
346 , 18231 , 159
1138 , 16776 , 1028
1353 , 16738 , 1259
534 , 17780 , 518
619 , 16204 , 590
2448 , 15963 , 2426
3855 , 13733 , 3786
126 , 18271 , 99
131 , 18464 , 122
107 , 18210 , 87
124 , 18232 , 82
5367 , 15012 , 4932
135 , 16724 , 82
1328 , 16274 , 1304
133 , 17991 , 59
220 , 17686 , 168
138 , 17368 , 84
199 , 17077 , 35
812 , 18815 , 395
100 , 17778 , 76
184 , 17803 , 57
408 , 17593 , 155
4511 , 13543 , 4423
151 , 17491 , 100
507 , 17061 , 189
570 , 19489 , 240
1108 , 17392 , 1094
231 , 18710 , 71
291 , 18267 , 82
215 , 17885 , 121
307 , 18340 , 168
312 , 17321 , 173
535 , 20003 , 113
245 , 18596 , 60
651 , 18035 , 648
1421 , 16440 , 1363
601 , 17636 , 539
260 , 17084 , 234
205 , 17224 , 181
4159 , 14375 , 4025
2377 , 16059 , 2226
91 , 18532 , 86
208 , 17254 , 170
291 , 17889 , 123
151 , 17761 , 91
118 , 17822 , 51
791 , 20705 , 189
168 , 17988 , 151
2209 , 18248 , 1810
191 , 17892 , 48
136 , 18116 , 115
333 , 17790 , 272
683 , 19709 , 172
2231 , 16247 , 2223
335 , 16746 , 290
192 , 17993 , 143
264 , 17948 , 89
102 , 17176 , 79
542 , 18845 , 212
489 , 19912 , 116
156 , 18062 , 116
113 , 17948 , 79
1204 , 18592 , 898
3023 , 15197 , 3017
450 , 19063 , 164
388 , 18756 , 179
104 , 18304 , 96
360 , 16561 , 311
308 , 16837 , 140
413 , 18270 , 401
137 , 18546 , 120
3260 , 14672 , 3253
174 , 18487 , 143
107 , 18616 , 95
186 , 18429 , 143
2256 , 15929 , 2232
270 , 18594 , 113
159 , 17739 , 113
255 , 18242 , 51
125 , 18858 , 105
175 , 18327 , 166
123 , 18058 , 83
1495 , 15655 , 1282
155 , 17718 , 131
864 , 17280 , 842
174 , 17913 , 75
4792 , 12876 , 4685
108 , 18149 , 53
420 , 17077 , 253
169 , 17710 , 141
1269 , 18875 , 988
135 , 18057 , 128
907 , 17178 , 872
1436 , 17155 , 1431
198 , 17557 , 163
205 , 17373 , 135
561 , 16858 , 464
110 , 18459 , 81
460 , 18146 , 448
499 , 18139 , 467
99 , 18540 , 95
139 , 17564 , 72
